motor,maximum_diameter_in,minimum_diameter_in,peak_mach,launch_site_alt_ft,flight_data_type,apogee_real_ft
I284W (AT),3.1,3.1,0.54,2750,Barometric Altimeter,3577
I284W (AT),3.0,3.0,0.55,2750,Barometric Altimeter,3913
M1297W (AT),6.0,6.0,0.56,2750,Barometric Altimeter,6188
J450ST (AMW),4.0,4.0,0.6,2750,Barometric Altimeter,3965
I205 (CTI),3.1,3.1,0.64,2302,Barometric Altimeter,3710
I205 (CTI),3.1,3.1,0.64,2302,Barometric Altimeter,3964
I205 (CTI),3.1,3.1,0.66,2302,Barometric Altimeter,3837
J570W (AT),3.0,3.0,0.75,2750,Barometric Altimeter,5732
K550W (AT),4.0,4.0,0.79,2750,Barometric Altimeter,8027
I285 (CTI),3.1,3.1,0.81,2848,Barometric Altimeter,4930
K1075GG (AMW),3.0,3.0,0.83,2400,Barometric Altimeter,9026
I285 (CTI),3.1,3.1,0.84,2848,Barometric Altimeter,5085
L730 (CTI),3.13,3.13,0.86,3400,Barometric Altimeter,10584
J570W (AT),1.75,1.75,1.07,2750,Barometric Altimeter,8815
L1080BB (AMW),3.0,3.0,1.14,2400,Barometric Altimeter,12745
M1850GG (AMW),4.0,4.0,1.22,2400,Barometric Altimeter,12807
L500 (Ace),2.26,2.26,1.98,2848,Optical Track,24771
P4935,6.13,6.13,2.19,3933,GPS,42771
O10000 (Kosdon),4.0,4.0,2.31,3933,Optical Track,37981
O10000 (Kosdon),4.0,4.0,2.46,3933,Optical Track,30038
P9381 (Loki-EX),6.0,6.0,2.87,3933,Integrated Accelerometer,85067
N1048 / M685W (AT),4.05,3.08,3.04,3750,GPS,104659
N5800 (CTI),3.92,3.92,3.04,3750,Barometric Altimeter,56573
Q18000 (Deville-EX),8.0,8.0,3.46,3750,Integrated Accelerometer,121478
O4374 / M787 (KIP-EX),4.68,3.15,4.33,3910,GPS,293488
