Month,Day,Hour,Distance to solar noon,Temperature,Wind direction,Wind speed,Sky cover,Visibility,Humidity,Average wind speed,Average pressure,Power generated
9,1,7,0.397172237,69,28,7.5,0,10.0,70,0.0,29.89,5418
9,1,10,0.165809769,69,28,7.5,0,10.0,33,0.0,29.91,25477
9,1,13,0.065552699,69,28,7.5,0,10.0,21,3.0,29.89,30069
9,1,16,0.296915167,69,28,7.5,0,10.0,20,23.0,29.85,16280
9,1,19,0.528277635,69,28,7.5,0,10.0,36,15.0,29.83,515
9,2,7,0.398195876,72,29,6.8,0,10.0,54,0.0,29.9,4939
9,2,10,0.166237113,72,29,6.8,0,10.0,64,0.0,29.92,24335
9,2,13,0.065721649,72,29,6.8,0,10.0,23,9.0,29.88,29025
9,2,16,0.297680412,72,29,6.8,0,10.0,30,18.0,29.84,15408
9,2,19,0.529639175,72,29,6.8,0,10.0,65,11.0,29.84,491
9,3,7,0.399741268,73,29,7.9,0,10.0,63,0.0,29.88,4854
9,3,10,0.166882277,73,29,7.9,0,10.0,69,3.0,29.88,23855
9,3,13,0.065976714,73,29,7.9,0,10.0,33,10.0,29.84,28339
9,3,16,0.298835705,73,29,7.9,0,10.0,27,20.0,29.81,15308
9,3,19,0.531694696,73,29,7.9,0,10.0,53,14.0,29.81,455
9,4,7,0.40077821,76,30,6.9,0,10.0,70,0.0,29.84,4750
9,4,10,0.167315175,76,30,6.9,0,10.0,64,3.0,29.85,23555
9,4,13,0.06614786,76,30,6.9,0,10.0,62,6.0,29.79,27741
9,4,16,0.299610895,76,30,6.9,0,10.0,30,15.0,29.75,14917
9,4,19,0.53307393,76,30,6.9,0,10.0,27,17.0,29.74,429
9,5,7,0.4010416670000001,77,29,8.5,0,10.0,61,0.0,29.8,4804
9,5,10,0.166666667,77,29,8.5,0,10.0,64,3.0,29.82,23551
9,5,13,0.067708333,77,29,8.5,0,10.0,49,5.0,29.78,27963
9,5,16,0.302083333,77,29,8.5,0,10.0,19,22.0,29.75,14980
9,5,19,0.536458333,77,29,8.5,0,10.0,51,15.0,29.76,423
9,6,7,0.4015645370000001,75,30,8.6,1,10.0,52,3.0,29.81,4562
9,6,10,0.166883963,75,30,8.6,1,10.0,66,3.0,29.82,22761
9,6,13,0.06779661,75,30,8.6,0,10.0,29,16.0,29.79,28193
9,6,16,0.302477184,75,30,8.6,0,10.0,39,18.0,29.75,14835
9,6,19,0.537157757,75,30,8.6,0,10.0,57,14.0,29.74,375
9,7,7,0.401832461,62,29,14.9,1,10.0,84,8.0,29.76,2963
9,7,10,0.166230366,62,29,14.9,1,10.0,68,14.0,29.77,24553
9,7,13,0.069371728,62,29,14.9,1,10.0,61,22.0,29.73,29986
9,7,16,0.304973822,62,29,14.9,1,10.0,70,25.0,29.71,15403
9,7,19,0.540575916,62,29,14.9,1,10.0,87,22.0,29.73,379
9,8,7,0.402887139,64,31,5.8,4,9.0,87,0.0,29.77,249
9,8,10,0.166666667,64,31,5.8,1,9.0,73,5.0,29.78,9910
9,8,13,0.069553806,64,31,5.8,1,10.0,59,10.0,29.75,28515
9,8,16,0.305774278,64,31,5.8,1,10.0,61,14.0,29.7,17490
9,8,19,0.541994751,64,31,5.8,1,10.0,73,6.0,29.72,773
9,9,7,0.404479578,63,21,10.5,4,10.0,81,8.0,29.78,65
9,9,10,0.167325428,63,21,10.5,4,10.0,73,5.0,29.8,5219
9,9,13,0.069828722,63,21,10.5,1,10.0,63,15.0,29.76,10789
9,9,16,0.306982872,63,21,10.5,1,10.0,68,20.0,29.74,5208
9,9,19,0.544137022,63,21,10.5,1,10.0,78,7.0,29.74,60
9,10,7,0.404761905,64,28,9.7,4,10.0,78,7.0,29.8,1346
9,10,10,0.166666667,64,28,9.7,3,10.0,68,3.0,29.84,18380
9,10,13,0.071428571,64,28,9.7,1,10.0,59,16.0,29.81,28891
9,10,16,0.30952381,64,28,9.7,1,10.0,63,18.0,29.8,14687
9,10,19,0.5476190479999999,64,28,9.7,1,10.0,81,15.0,29.82,345
9,11,7,0.405835544,61,29,11.4,4,8.0,84,3.0,29.87,292
9,11,10,0.167108753,61,29,11.4,2,10.0,73,3.0,29.87,10767
9,11,13,0.071618037,61,29,11.4,1,10.0,68,21.0,29.84,27641
9,11,16,0.310344828,61,29,11.4,1,10.0,75,23.0,29.81,13835
9,11,19,0.5490716179999999,61,29,11.4,1,10.0,87,18.0,29.83,145
9,12,7,0.407456724,60,28,11.7,4,10.0,86,5.0,29.9,229
9,12,10,0.167776298,60,28,11.7,4,9.0,81,7.0,29.93,4349
9,12,13,0.071904128,60,28,11.7,1,10.0,68,16.0,29.88,19126
9,12,16,0.311584554,60,28,11.7,1,10.0,73,21.0,29.85,14692
9,12,19,0.55126498,60,28,11.7,3,10.0,80,13.0,29.88,436
9,13,7,0.406666667,61,29,9.0,4,10.0,83,5.0,29.9,408
9,13,10,0.166666667,61,29,9.0,4,10.0,72,3.0,29.93,11376
9,13,13,0.073333333,61,29,9.0,2,10.0,61,16.0,29.89,28611
9,13,16,0.313333333,61,29,9.0,2,10.0,65,17.0,29.86,14587
9,13,19,0.553333333,61,29,9.0,1,10.0,81,14.0,29.89,239
9,14,7,0.408299866,62,29,10.1,4,10.0,84,5.0,29.97,250
9,14,10,0.167336011,62,29,10.1,3,9.0,73,7.0,30.0,15149
9,14,13,0.073627845,62,29,10.1,1,10.0,63,15.0,29.96,28581
9,14,16,0.3145917,62,29,10.1,1,10.0,68,21.0,29.94,13787
9,14,19,0.5555555560000001,62,29,10.1,1,10.0,78,18.0,29.97,218
9,15,7,0.409395973,60,28,12.6,4,7.0,90,7.0,30.01,413
9,15,10,0.167785235,60,28,12.6,3,7.0,78,5.0,30.01,17412
9,15,13,0.073825503,60,28,12.6,1,10.0,63,16.0,29.95,28239
9,15,16,0.315436242,60,28,12.6,1,10.0,70,22.0,29.92,13397
9,15,19,0.55704698,60,28,12.6,1,10.0,83,18.0,29.94,193
9,16,7,0.409703504,59,28,12.7,4,9.0,83,9.0,29.97,685
9,16,10,0.167115903,59,28,12.7,3,10.0,72,7.0,29.98,16170
9,16,13,0.075471698,59,28,12.7,1,10.0,63,21.0,29.94,28148
9,16,16,0.318059299,59,28,12.7,2,10.0,67,20.0,29.92,13455
9,16,19,0.5606469000000001,59,28,12.7,1,10.0,80,14.0,29.95,198
9,17,7,0.410810811,62,24,9.6,4,10.0,70,3.0,30.03,332
9,17,10,0.167567568,62,24,9.6,4,10.0,63,10.0,30.07,5866
9,17,13,0.075675676,62,24,9.6,2,10.0,52,10.0,30.04,22094
9,17,16,0.318918919,62,24,9.6,0,10.0,54,17.0,30.01,13893
9,17,19,0.562162162,62,24,9.6,0,10.0,70,9.0,30.0,154
9,18,7,0.412483039,60,26,7.9,1,10.0,83,0.0,30.02,4342
9,18,10,0.168249661,60,26,7.9,1,10.0,56,10.0,30.05,24175
9,18,13,0.0759837179999999,60,26,7.9,0,10.0,49,15.0,30.02,29378
9,18,16,0.320217096,60,26,7.9,0,10.0,51,15.0,29.98,13686
9,18,19,0.564450475,60,26,7.9,1,10.0,65,8.0,29.96,112
9,19,7,0.412244898,63,21,7.3,1,10.0,80,3.0,29.99,4232
9,19,10,0.167346939,63,21,7.3,1,10.0,63,9.0,30.0,22783
9,19,13,0.07755102,63,21,7.3,3,10.0,61,9.0,29.98,24479
9,19,16,0.32244898,63,21,7.3,4,10.0,63,10.0,29.97,1628
9,20,7,0.413369714,65,28,10.3,4,10.0,84,6.0,30.03,650
9,20,10,0.167803547,65,28,10.3,4,10.0,70,9.0,30.05,9141
9,20,13,0.077762619,65,28,10.3,2,10.0,63,11.0,30.03,25527
9,20,16,0.323328786,65,28,10.3,3,10.0,75,15.0,30.01,12847
9,20,19,0.5688949520000001,65,28,10.3,4,10.0,87,14.0,30.0,122
9,21,7,0.41369863,63,27,14.4,4,10.0,84,8.0,29.98,997
9,21,10,0.167123288,63,27,14.4,2,10.0,70,10.0,29.99,12786
9,21,13,0.079452055,63,27,14.4,2,10.0,65,20.0,29.97,28277
9,21,16,0.326027397,63,27,14.4,2,10.0,70,24.0,29.96,12816
9,21,19,0.57260274,63,27,14.4,1,10.0,78,16.0,29.94,81
9,22,7,0.414835165,66,29,7.3,1,10.0,81,0.0,30.0,4026
9,22,10,0.167582418,66,29,7.3,1,10.0,70,5.0,30.02,23081
9,22,13,0.07967033,66,29,7.3,1,10.0,34,16.0,29.99,27284
9,22,16,0.326923077,66,29,7.3,0,10.0,48,17.0,29.96,12287
9,22,19,0.574175824,66,29,7.3,1,10.0,70,16.0,29.95,79
9,23,7,0.416551724,69,29,8.7,1,9.0,84,3.0,29.98,3974
9,23,10,0.168275862,69,29,8.7,0,9.0,73,5.0,29.99,23119
9,23,13,0.08,69,29,8.7,0,10.0,66,6.0,29.94,26858
9,23,16,0.328275862,69,29,8.7,0,10.0,37,21.0,29.9,12109
9,23,19,0.576551724,69,29,8.7,0,10.0,56,18.0,29.91,65
9,24,7,0.416320885,66,29,10.1,1,9.0,90,5.0,29.94,3749
9,24,10,0.16735823,66,29,10.1,1,10.0,66,3.0,29.95,22695
9,24,13,0.081604426,66,29,10.1,1,10.0,51,13.0,29.92,27114
9,24,16,0.330567082,66,29,10.1,1,10.0,49,16.0,29.89,12017
9,24,19,0.579529737,66,29,10.1,1,10.0,56,16.0,29.89,59
9,25,7,0.418055556,67,29,9.3,2,10.0,70,0.0,29.93,3894
9,25,10,0.168055556,67,29,9.3,2,10.0,63,7.0,29.95,23066
9,25,13,0.081944444,67,29,9.3,2,10.0,47,15.0,29.91,27072
9,25,16,0.331944444,67,29,9.3,2,10.0,57,21.0,29.88,11864
9,25,19,0.581944444,67,29,9.3,1,10.0,70,11.0,29.89,51
9,26,7,0.418636996,66,29,10.7,2,9.0,84,6.0,29.93,3661
9,26,10,0.168289291,66,29,10.7,1,10.0,68,6.0,29.95,22534
9,26,13,0.082058414,66,29,10.7,1,10.0,50,13.0,29.91,26744
9,26,16,0.33240612,66,29,10.7,1,10.0,68,18.0,29.9,11627
9,26,19,0.582753825,66,29,10.7,1,10.0,90,15.0,29.92,43
9,27,7,0.418994413,66,29,9.1,1,10.0,93,6.0,29.95,3615
9,27,10,0.167597765,66,29,9.1,0,10.0,73,3.0,29.95,22037
9,27,13,0.083798883,66,29,9.1,1,10.0,56,6.0,29.9,26026
9,27,16,0.335195531,66,29,9.1,1,10.0,59,20.0,29.85,1728
9,28,7,0.420757363,61,30,12.3,1,10.0,93,8.0,29.94,2406
9,28,10,0.168302945,61,30,12.3,1,10.0,65,9.0,29.94,22113
9,28,13,0.084151473,61,30,12.3,1,10.0,63,20.0,29.9,26823
9,28,16,0.336605891,61,30,12.3,1,10.0,70,21.0,29.89,10798
9,29,7,0.421940928,62,28,8.4,4,10.0,87,6.0,29.96,373
9,29,10,0.168776371,62,28,8.4,3,10.0,75,5.0,29.98,13921
9,29,13,0.0843881859999999,62,28,8.4,2,10.0,63,15.0,29.94,26393
9,29,16,0.337552743,62,28,8.4,2,10.0,68,15.0,29.95,11093
9,29,19,0.5907173000000001,62,28,8.4,2,10.0,75,11.0,29.96,47
9,30,7,0.422316384,65,29,6.9,2,10.0,83,0.0,30.04,3110
9,30,10,0.168079096,65,29,6.9,2,10.0,70,3.0,30.05,21023
9,30,13,0.086158192,65,29,6.9,2,10.0,50,9.0,30.01,25702
9,30,16,0.34039548,65,29,6.9,2,10.0,53,18.0,29.97,10972
10,1,7,0.423512748,66,29,7.8,2,10.0,75,0.0,29.98,3715
10,1,10,0.168555241,66,29,7.8,3,10.0,71,3.0,29.98,18312
10,1,13,0.0864022659999999,66,29,7.8,3,10.0,50,22.0,29.95,19583
10,1,16,0.341359773,66,29,7.8,3,10.0,59,16.0,29.92,6135
10,1,19,0.59631728,66,29,7.8,3,10.0,81,8.0,29.96,178
10,2,7,0.425320057,67,27,9.5,4,10.0,81,0.0,29.96,53
10,2,10,0.169274538,67,27,9.5,3,10.0,73,6.0,29.98,7496
10,2,13,0.086770982,67,27,9.5,3,10.0,62,17.0,29.97,19260
10,2,16,0.342816501,67,27,9.5,3,10.0,76,9.0,29.92,4961
10,3,7,0.426533524,65,19,8.5,3,10.0,84,5.0,29.87,1093
10,3,10,0.1697574889999999,65,19,8.5,3,10.0,73,3.0,29.87,11844
10,3,13,0.087018545,65,19,8.5,3,10.0,63,0.0,29.83,11357
10,3,16,0.343794579,65,19,8.5,4,10.0,65,9.0,29.77,3375
10,4,7,0.426323319,64,26,14.4,4,8.0,90,8.0,29.79,1653
10,4,10,0.168812589,64,26,14.4,3,10.0,81,13.0,29.84,5957
10,4,13,0.08869814,64,26,14.4,2,10.0,66,16.0,29.86,21177
10,4,16,0.34620887,64,26,14.4,2,10.0,70,15.0,29.88,9729
10,5,7,0.427546628,65,28,11.1,2,10.0,81,8.0,29.99,2198
10,5,10,0.1692969869999999,65,28,11.1,3,10.0,57,7.0,30.01,20493
10,5,13,0.088952654,65,28,11.1,3,10.0,55,15.0,30.0,18931
10,5,16,0.347202296,65,28,11.1,3,10.0,61,11.0,29.99,11566
10,6,7,0.429394813,66,28,10.5,4,9.0,84,5.0,30.07,532
10,6,10,0.170028818,66,28,10.5,1,9.0,73,5.0,30.1,22044
10,6,13,0.0893371759999999,66,28,10.5,0,10.0,59,3.0,30.05,27732
10,6,16,0.34870317,66,28,10.5,1,10.0,70,22.0,30.05,11398
10,7,10,0.169075145,65,28,10.2,2,7.0,81,3.0,30.17,15458
10,7,13,0.091040462,65,28,10.2,0,9.0,71,3.0,30.11,27357
10,7,16,0.351156069,65,28,10.2,0,10.0,55,22.0,30.07,10975
10,8,7,0.431059507,66,27,12.6,0,9.0,90,3.0,30.02,3816
10,8,10,0.169811321,66,27,12.6,0,9.0,76,3.0,30.01,23843
10,8,13,0.091436865,66,27,12.6,0,10.0,55,24.0,29.95,27645
10,8,16,0.352685051,66,27,12.6,1,10.0,61,25.0,29.92,11063
10,9,7,0.43231441,62,27,14.6,1,10.0,75,9.0,29.96,3837
10,9,10,0.170305677,62,27,14.6,0,10.0,47,5.0,30.0,24973
10,9,13,0.091703057,62,27,14.6,0,10.0,36,16.0,29.97,28183
10,9,16,0.35371179,62,27,14.6,0,10.0,50,26.0,29.94,10894
10,10,7,0.433576642,57,29,17.6,1,10.0,59,13.0,29.99,3755
10,10,10,0.17080292,57,29,17.6,1,10.0,42,17.0,30.0,25334
10,10,13,0.091970803,57,29,17.6,1,10.0,46,26.0,29.94,29016
10,10,16,0.354744526,57,29,17.6,2,10.0,46,29.0,29.91,10179
10,12,16,0.358823529,63,32,13.4,0,10.0,29,17.0,30.13,10727
10,13,7,0.437223043,64,28,6.4,0,10.0,49,0.0,30.26,3687
10,13,10,0.171344165,64,28,6.4,0,10.0,21,0.0,30.27,23961
10,13,13,0.094534712,64,28,6.4,0,10.0,14,5.0,30.22,27438
10,13,16,0.360413589,64,28,6.4,0,10.0,18,18.0,30.19,10116
10,14,7,0.438518519,65,29,4.9,0,10.0,75,0.0,30.18,3473
10,14,10,0.171851852,65,29,4.9,0,10.0,63,5.0,30.18,22832
10,14,13,0.094814815,65,29,4.9,0,10.0,36,0.0,30.1,26285
10,14,16,0.361481481,65,29,4.9,1,10.0,31,14.0,30.05,9756
10,15,7,0.438988095,68,29,6.4,0,10.0,80,3.0,30.06,3359
10,15,10,0.171130952,68,29,6.4,0,10.0,65,6.0,30.08,7478
10,15,13,0.09672619,68,29,6.4,1,10.0,40,0.0,30.03,21210
10,15,16,0.364583333,68,29,6.4,1,10.0,34,18.0,30.0,9209
10,16,7,0.440298507,69,29,4.1,1,10.0,72,0.0,30.06,3225
10,16,10,0.171641791,69,29,4.1,0,10.0,70,3.0,30.08,21798
10,16,13,0.097014925,69,29,4.1,0,10.0,54,0.0,30.03,15159
10,16,16,0.365671642,69,29,4.1,0,10.0,24,15.0,30.0,9169
10,17,7,0.441616766,70,31,4.4,2,10.0,81,0.0,30.05,2718
10,17,10,0.1721556889999999,70,31,4.4,3,10.0,66,3.0,30.06,20460
10,17,13,0.097305389,70,31,4.4,1,10.0,61,5.0,30.0,24427
10,17,16,0.366766467,70,31,4.4,1,10.0,24,11.0,29.96,8399
10,18,7,0.443609023,59,29,10.3,2,10.0,90,10.0,30.02,542
10,18,10,0.172932331,59,29,10.3,2,10.0,68,6.0,30.07,13884
10,18,13,0.097744361,59,29,10.3,2,10.0,59,13.0,30.02,25929
10,18,16,0.368421053,59,29,10.3,2,10.0,70,17.0,30.01,9282
10,19,7,0.444277108,56,27,11.5,4,10.0,83,3.0,30.08,385
10,19,10,0.173192771,56,27,11.5,2,10.0,72,8.0,30.1,17121
10,19,13,0.097891566,56,27,11.5,2,10.0,72,21.0,30.05,25347
10,19,16,0.368975904,56,27,11.5,3,10.0,83,18.0,30.05,7136
10,20,7,0.444108761,58,27,13.3,3,10.0,80,9.0,30.17,1142
10,20,10,0.172205438,58,27,13.3,1,10.0,67,11.0,30.2,21070
10,20,13,0.099697885,58,27,13.3,2,10.0,58,16.0,30.17,25392
10,20,16,0.371601208,58,27,13.3,2,10.0,70,17.0,30.16,8283
10,21,7,0.446130501,64,28,4.0,3,10.0,86,0.0,30.19,2581
10,21,10,0.172989378,64,28,4.0,1,10.0,75,0.0,30.2,21774
10,21,13,0.100151745,64,28,4.0,1,10.0,46,3.0,30.13,25064
10,21,16,0.373292868,64,28,4.0,1,10.0,46,14.0,30.08,8524
10,22,7,0.447488584,68,14,2.7,0,10.0,34,8.0,30.08,2921
10,22,10,0.173515982,68,14,2.7,0,10.0,21,7.0,30.09,21804
10,22,13,0.100456621,68,14,2.7,0,10.0,17,0.0,30.04,25219
10,22,16,0.374429224,68,14,2.7,0,10.0,21,0.0,30.02,8453
10,23,7,0.448854962,69,31,4.3,0,10.0,65,5.0,30.04,2603
10,23,10,0.174045802,69,31,4.3,0,10.0,63,5.0,30.06,20869
10,23,13,0.100763359,69,31,4.3,0,10.0,64,3.0,30.0,24209
10,23,16,0.375572519,69,31,4.3,0,10.0,26,11.0,29.97,5542
10,24,7,0.450229709,68,29,4.9,2,10.0,75,3.0,30.02,2461
10,24,10,0.174578867,68,29,4.9,1,10.0,70,5.0,30.05,10461
10,24,16,0.376722818,68,29,4.9,1,10.0,33,7.0,29.96,7934
10,25,7,0.452307692,68,29,4.6,0,8.0,80,0.0,30.05,2497
10,25,10,0.175384615,68,29,4.6,0,10.0,68,7.0,30.06,20597
10,25,13,0.101538462,68,29,4.6,0,10.0,61,3.0,30.01,23672
10,25,16,0.378461538,68,29,4.6,0,10.0,28,6.0,29.98,7775
10,26,7,0.453703704,60,29,11.3,1,9.0,96,6.0,30.08,1384
10,26,10,0.175925926,60,29,11.3,1,10.0,70,0.0,30.1,20680
10,26,13,0.101851852,60,29,11.3,1,10.0,59,14.0,30.05,24472
10,26,16,0.37962963,60,29,11.3,1,9.0,78,15.0,30.03,7800
10,27,7,0.455813953,55,29,9.0,4,4.0,90,6.0,30.19,221
10,27,10,0.176744186,55,29,9.0,4,3.0,87,3.0,30.2,13923
10,27,13,0.102325581,55,29,9.0,3,7.0,78,17.0,30.17,15242
10,27,16,0.381395349,55,29,9.0,3,10.0,78,15.0,30.14,3727
10,28,7,0.455676516,58,29,10.4,3,10.0,96,5.0,30.22,113
10,28,10,0.175738725,58,29,10.4,4,2.0,93,0.0,30.22,15058
10,28,13,0.104199067,58,29,10.4,1,10.0,72,20.0,30.17,23748
10,28,16,0.384136858,58,29,10.4,1,10.0,65,15.0,30.14,7480
10,29,7,0.457098284,56,30,8.3,1,7.0,100,9.0,30.08,186
10,29,10,0.176287051,56,30,8.3,3,7.0,83,3.0,30.07,15471
10,29,13,0.104524181,56,30,8.3,3,8.0,78,5.0,29.99,22378
10,29,16,0.385335413,56,30,8.3,2,10.0,70,9.0,29.94,7629
10,31,10,0.177394035,65,15,13.0,4,9.0,87,6.0,30.13,1283
10,31,13,0.105180534,65,15,13.0,3,10.0,61,18.0,30.1,8637
10,31,16,0.387755102,65,15,13.0,4,10.0,57,15.0,30.08,1209
11,1,7,0.46214511,63,16,12.8,4,4.0,90,14.0,29.97,168
11,1,10,0.178233438,63,16,12.8,4,3.0,87,15.0,29.99,1054
11,1,13,0.105678233,63,16,12.8,4,4.0,90,15.0,29.93,1200
11,1,16,0.389589905,63,16,12.8,4,3.0,87,15.0,29.88,683
11,2,7,0.368670886,62,23,8.1,2,10.0,90,9.0,30.02,357
11,2,10,0.083860759,62,23,8.1,3,10.0,78,0.0,30.07,10258
11,2,13,0.200949367,62,23,8.1,3,10.0,68,14.0,30.07,17127
11,2,16,0.485759494,62,23,8.1,2,10.0,73,13.0,30.06,8167
11,3,7,0.36984127,58,20,10.6,3,10.0,83,5.0,29.99,9
11,3,10,0.084126984,58,20,10.6,3,10.0,78,7.0,29.96,7259
11,3,13,0.201587302,58,20,10.6,3,10.0,72,20.0,29.86,6669
11,3,16,0.487301587,58,20,10.6,4,3.0,90,21.0,29.75,95
11,4,7,0.371019108,55,29,13.3,2,10.0,80,11.0,30.06,1661
11,4,10,0.084394904,55,29,13.3,3,10.0,69,13.0,30.13,16038
11,4,13,0.202229299,55,29,13.3,3,10.0,55,18.0,30.12,21373
11,4,16,0.488853503,55,29,13.3,3,10.0,64,22.0,30.13,5500
11,5,7,0.372204473,53,30,3.8,2,10.0,89,3.0,30.23,1721
11,5,10,0.084664537,53,30,3.8,3,10.0,67,3.0,30.27,16251
11,5,13,0.202875399,53,30,3.8,3,10.0,56,5.0,30.25,17465
11,5,16,0.490415335,53,30,3.8,4,10.0,52,8.0,30.25,4638
11,6,7,0.373397436,60,30,4.6,1,10.0,80,5.0,30.33,1365
11,6,10,0.084935897,60,30,4.6,0,10.0,62,8.0,30.35,19412
11,6,13,0.203525641,60,30,4.6,1,10.0,54,0.0,30.3,24013
11,6,16,0.491987179,60,30,4.6,0,10.0,63,14.0,30.26,7449
11,7,7,0.374598071,62,30,5.2,1,9.0,96,0.0,30.22,1309
11,7,10,0.085209003,62,30,5.2,0,9.0,84,3.0,30.22,19306
11,7,13,0.204180064,62,30,5.2,0,10.0,75,0.0,30.16,24011
11,7,16,0.493569132,62,30,5.2,1,10.0,55,11.0,30.11,7336
11,8,7,0.376811594,58,27,10.2,3,10.0,93,0.0,30.06,115
11,8,10,0.086956522,58,27,10.2,4,10.0,81,7.0,30.06,5851
11,8,13,0.202898551,58,27,10.2,4,10.0,84,9.0,29.98,3697
11,8,16,0.492753623,58,27,10.2,4,6.0,93,10.0,29.93,696
11,9,7,0.378029079,57,28,19.3,2,10.0,83,21.0,29.86,1209
11,9,10,0.08723748,57,28,19.3,2,10.0,75,14.0,29.88,19618
11,9,13,0.20355412,57,28,19.3,2,10.0,70,20.0,29.87,24686
11,9,16,0.494345719,57,28,19.3,3,10.0,78,15.0,29.87,4927
11,10,7,0.379254457,55,28,8.5,3,10.0,90,9.0,30.07,381
11,10,10,0.087520259,55,28,8.5,3,10.0,72,9.0,30.09,14852
11,10,13,0.204213938,55,28,8.5,3,10.0,65,14.0,30.06,24073
11,10,16,0.495948136,55,28,8.5,3,10.0,70,9.0,30.07,4945
11,11,7,0.380487805,57,28,10.2,3,10.0,86,7.0,30.21,207
11,11,10,0.087804878,57,28,10.2,3,10.0,75,10.0,30.27,8425
11,11,13,0.204878049,57,28,10.2,3,10.0,72,10.0,30.24,9466
11,11,16,0.497560976,57,28,10.2,3,10.0,72,15.0,30.24,3303
11,12,7,0.381729201,60,28,5.9,4,9.0,87,0.0,30.3,162
11,12,10,0.088091354,60,28,5.9,4,9.0,87,5.0,30.32,4780
11,12,13,0.205546493,60,28,5.9,3,9.0,84,3.0,30.26,12683
11,12,16,0.499184339,60,28,5.9,3,9.0,87,16.0,30.21,6774
11,13,7,0.382978723,60,28,6.0,1,10.0,96,0.0,30.22,915
11,13,10,0.088379705,60,28,6.0,1,9.0,93,5.0,30.23,17909
11,13,13,0.206219313,60,28,6.0,1,10.0,63,9.0,30.16,22652
11,13,16,0.5008183310000001,60,28,6.0,1,10.0,75,20.0,30.11,6592
11,14,7,0.383606557,66,10,6.5,0,10.0,86,0.0,30.12,934
11,14,10,0.08852459,66,10,6.5,0,10.0,52,7.0,30.14,17598
11,14,13,0.206557377,66,10,6.5,0,10.0,40,6.0,30.07,22910
11,14,16,0.501639344,66,10,6.5,1,10.0,27,7.0,30.04,6731
11,15,7,0.385502471,69,14,5.0,1,10.0,54,8.0,30.12,746
11,15,10,0.088962109,69,14,5.0,0,10.0,30,7.0,30.14,17752
11,15,13,0.207578254,69,14,5.0,0,10.0,39,3.0,30.08,22523
11,15,16,0.504118616,69,14,5.0,1,10.0,27,0.0,30.05,6614
11,16,7,0.388429752,63,5,2.0,0,10.0,90,0.0,30.09,595
11,16,10,0.090909091,63,5,2.0,0,8.0,78,3.0,30.11,16232
11,16,13,0.20661157,63,5,2.0,1,8.0,73,8.0,30.06,21472
11,16,16,0.504132231,63,5,2.0,1,6.0,50,0.0,30.04,5578
11,17,7,0.389072848,64,9,1.2,1,6.0,90,3.0,30.13,585
11,17,10,0.091059603,64,9,1.2,1,6.0,78,3.0,30.15,16124
11,17,13,0.206953642,64,9,1.2,1,7.0,70,3.0,30.11,21511
11,17,16,0.504966887,64,9,1.2,2,10.0,49,0.0,30.08,5527
11,18,7,0.390365449,57,29,9.3,1,10.0,93,7.0,30.14,512
11,18,10,0.091362126,57,29,9.3,0,9.0,81,0.0,30.17,15771
11,18,13,0.207641196,57,29,9.3,1,9.0,75,18.0,30.12,21856
11,18,16,0.506644518,57,29,9.3,1,9.0,83,16.0,30.09,4702
11,19,10,0.091666667,54,27,5.7,4,8.0,86,5.0,30.16,3113
11,19,13,0.208333333,54,27,5.7,4,9.0,83,9.0,30.14,7669
11,19,16,0.5083333329999999,54,27,5.7,3,10.0,80,9.0,30.11,5693
11,20,7,0.393989983,57,27,6.6,4,9.0,90,5.0,30.21,53
11,20,10,0.093489149,57,27,6.6,4,8.0,87,5.0,30.25,4089
11,20,13,0.207011686,57,27,6.6,3,10.0,78,11.0,30.22,14702
11,20,16,0.507512521,57,27,6.6,2,10.0,72,14.0,30.2,4839
11,21,7,0.395309883,55,28,6.6,1,10.0,80,3.0,30.16,523
11,21,10,0.093802345,55,28,6.6,1,10.0,60,5.0,30.15,16265
11,21,13,0.207705193,55,28,6.6,1,10.0,37,0.0,30.11,22287
11,21,16,0.50921273,55,28,6.6,1,10.0,60,11.0,30.08,6352
11,22,7,0.395973154,54,28,6.0,2,10.0,83,0.0,30.12,534
11,22,10,0.093959732,54,28,6.0,2,10.0,72,3.0,30.15,15976
11,22,13,0.208053691,54,28,6.0,2,10.0,70,3.0,30.1,21808
11,22,16,0.5100671139999999,54,28,6.0,3,10.0,67,14.0,30.07,6518
11,23,7,0.397306397,56,17,4.0,1,9.0,96,5.0,30.04,377
11,23,10,0.094276094,56,17,4.0,1,8.0,72,7.0,30.06,15727
11,23,13,0.208754209,56,17,4.0,1,10.0,56,0.0,30.01,21630
11,23,16,0.5117845120000001,56,17,4.0,1,10.0,50,0.0,29.99,5778
11,24,10,0.096121417,54,15,2.7,3,3.0,83,6.0,30.07,11153
11,24,13,0.207419899,54,15,2.7,3,4.0,80,5.0,30.03,13434
11,24,16,0.5109612139999999,54,15,2.7,3,7.0,62,3.0,30.0,1789
11,25,7,0.400337838,55,36,3.3,3,8.0,83,0.0,30.04,80
11,25,10,0.096283784,55,36,3.3,4,7.0,87,7.0,30.05,618
11,25,13,0.20777027,55,36,3.3,4,7.0,75,0.0,30.01,2606
11,25,16,0.511824324,55,36,3.3,4,6.0,81,6.0,29.98,915
11,26,7,0.401694915,55,34,2.1,4,9.0,83,0.0,29.85,69
11,26,10,0.096610169,55,34,2.1,4,9.0,78,0.0,29.88,1340
11,26,13,0.208474576,55,34,2.1,4,4.0,90,0.0,29.88,2726
11,26,16,0.513559322,55,34,2.1,4,6.0,86,0.0,29.89,68
11,27,10,0.098471986,56,29,7.2,2,8.0,87,7.0,30.1,13893
11,27,13,0.20713073,56,29,7.2,4,9.0,80,11.0,30.09,11407
11,27,16,0.512733447,56,29,7.2,3,10.0,78,11.0,30.11,633
11,28,7,0.404761905,53,24,3.9,4,10.0,86,3.0,30.25,11
11,28,10,0.098639456,53,24,3.9,4,10.0,83,3.0,30.3,1353
11,28,13,0.207482993,53,24,3.9,4,10.0,83,5.0,30.24,10939
11,28,16,0.513605442,53,24,3.9,4,7.0,78,3.0,30.2,4273
11,29,7,0.406143345,57,12,2.8,2,4.0,96,,30.16,159
11,29,10,0.098976109,57,12,2.8,3,7.0,80,8.0,30.19,7229
11,29,13,0.208191126,57,12,2.8,2,10.0,75,0.0,30.12,18371
11,29,16,0.5153583620000001,57,12,2.8,1,10.0,54,0.0,30.1,5918
11,30,7,0.408547009,55,7,2.3,2,4.0,93,3.0,30.14,191
11,30,10,0.100854701,55,7,2.3,2,6.0,83,5.0,30.16,14064
11,30,13,0.206837607,55,7,2.3,2,8.0,75,6.0,30.12,20574
11,30,16,0.514529915,55,7,2.3,2,6.0,75,0.0,30.09,5548
12,1,10,0.101027397,53,28,6.9,4,3.0,96,7.0,30.18,2184
12,1,13,0.207191781,53,28,6.9,4,4.0,86,9.0,30.14,2907
12,1,16,0.515410959,53,28,6.9,4,6.0,80,11.0,30.13,469
12,2,10,0.101200686,56,28,6.9,3,9.0,81,9.0,30.2,10230
12,2,13,0.20754717,56,28,6.9,1,10.0,75,5.0,30.14,19145
12,2,16,0.516295026,56,28,6.9,2,10.0,70,10.0,30.15,5666
12,3,10,0.103092784,53,33,3.7,4,1.5,100,3.0,30.2,5857
12,3,13,0.206185567,53,33,3.7,3,5.0,80,5.0,30.12,14677
12,3,16,0.515463918,53,33,3.7,4,6.0,69,3.0,30.1,3724
12,4,7,0.413080895,54,6,7.4,4,5.0,80,13.0,30.06,188
12,4,10,0.103270224,54,6,7.4,4,5.0,77,7.0,30.07,13982
12,4,13,0.206540448,54,6,7.4,0,7.0,64,6.0,30.03,21285
12,4,16,0.516351119,54,6,7.4,0,8.0,67,0.0,30.0,5652
12,5,7,0.415517241,54,15,3.5,1,6.0,86,6.0,30.17,117
12,5,10,0.105172414,54,15,3.5,1,6.0,72,6.0,30.23,13253
12,5,13,0.205172414,54,15,3.5,1,9.0,56,0.0,30.18,20321
12,5,16,0.515517241,54,15,3.5,3,10.0,46,0.0,30.16,5999
12,6,7,0.415517241,51,3,3.6,1,10.0,86,0.0,30.24,110
12,6,10,0.105172414,51,3,3.6,1,8.0,77,7.0,30.26,13734
12,6,13,0.205172414,51,3,3.6,1,7.0,62,0.0,30.21,20887
12,6,16,0.515517241,51,3,3.6,1,8.0,72,3.0,30.18,5603
12,7,7,0.416234888,50,27,6.6,2,4.0,96,6.0,30.13,140
12,7,10,0.105354059,50,27,6.6,4,2.5,86,0.0,30.15,12328
12,7,13,0.20552677,50,27,6.6,4,6.0,80,11.0,30.1,11715
12,7,16,0.516407599,50,27,6.6,4,10.0,74,10.0,30.08,3854
12,8,7,0.418685121,50,33,4.9,3,9.0,86,3.0,30.05,90
12,8,10,0.107266436,50,33,4.9,3,9.0,77,8.0,30.1,3336
12,8,13,0.204152249,50,33,4.9,1,10.0,77,9.0,30.07,15878
12,8,16,0.515570934,50,33,4.9,2,10.0,71,0.0,30.07,5654
12,9,7,0.419410745,49,6,6.4,1,10.0,57,7.0,30.23,108
12,9,10,0.10745234,49,6,6.4,1,10.0,49,6.0,30.27,13962
12,9,13,0.204506066,49,6,6.4,1,10.0,55,7.0,30.23,21545
12,9,16,0.516464471,49,6,6.4,1,10.0,67,11.0,30.26,5580
12,10,7,0.421875,51,12,4.0,0,6.0,80,10.0,30.36,98
12,10,10,0.109375,51,12,4.0,0,5.0,74,3.0,30.4,13185
12,10,13,0.203125,51,12,4.0,0,8.0,51,3.0,30.32,20658
12,10,16,0.515625,51,12,4.0,1,9.0,78,6.0,30.26,5430
12,11,7,0.421875,50,29,4.9,1,10.0,83,9.0,30.18,25
12,11,10,0.109375,50,29,4.9,3,8.0,72,0.0,30.18,12722
12,11,13,0.203125,50,29,4.9,3,9.0,67,5.0,30.1,17127
12,11,16,0.515625,50,29,4.9,3,6.0,78,0.0,30.04,4287
12,12,7,0.424347826,53,27,9.4,2,6.0,89,3.0,29.95,101
12,12,10,0.111304348,53,27,9.4,1,4.0,80,0.0,29.97,12297
12,12,13,0.20173913,53,27,9.4,3,9.0,67,8.0,29.9,15931
12,12,16,0.514782609,53,27,9.4,4,9.0,83,14.0,29.88,2812
12,13,7,0.424347826,49,29,15.9,2,10.0,66,14.0,29.89,75
12,13,10,0.111304348,49,29,15.9,2,10.0,57,15.0,29.92,12944
12,13,13,0.20173913,49,29,15.9,3,10.0,51,20.0,29.87,17309
12,13,16,0.514782609,49,29,15.9,2,10.0,61,16.0,29.85,3618
12,14,10,0.113240418,45,16,7.8,4,10.0,74,13.0,29.95,738
12,14,13,0.200348432,45,16,7.8,4,10.0,80,6.0,29.89,4194
12,14,16,0.513937282,45,16,7.8,4,4.0,86,0.0,29.83,223
12,15,10,0.113240418,46,21,8.9,3,9.0,77,9.0,29.81,10192
12,15,13,0.200348432,46,21,8.9,2,10.0,66,16.0,29.79,13049
12,15,16,0.513937282,46,21,8.9,3,10.0,61,15.0,29.79,198
12,16,10,0.115183246,43,5,9.3,3,10.0,86,10.0,29.99,4935
12,16,13,0.19895288,43,5,9.3,3,10.0,74,7.0,29.97,8729
12,16,16,0.513089005,43,5,9.3,3,10.0,83,20.0,29.99,1599
12,17,10,0.115183246,43,29,8.4,0,10.0,60,3.0,30.04,13602
12,17,13,0.19895288,43,29,8.4,1,10.0,44,5.0,29.96,22524
12,17,16,0.513089005,43,29,8.4,1,10.0,59,14.0,29.91,6311
12,18,7,0.431064572,47,20,8.7,1,10.0,77,7.0,30.05,37
12,18,10,0.116928447,47,20,8.7,2,10.0,80,6.0,30.12,8699
12,18,13,0.197207679,47,20,8.7,3,10.0,74,8.0,30.13,10968
12,18,16,0.511343805,47,20,8.7,4,10.0,69,11.0,30.14,3407
12,19,10,0.116928447,49,26,9.2,3,9.0,80,8.0,30.32,7715
12,19,13,0.197207679,49,26,9.2,2,10.0,59,14.0,30.3,18824
12,19,16,0.511343805,49,26,9.2,2,10.0,59,16.0,30.31,5367
12,20,7,0.432809773,43,29,2.3,1,10.0,82,0.0,30.36,91
12,20,10,0.118673647,43,29,2.3,2,10.0,74,0.0,30.4,12388
12,20,13,0.195462478,43,29,2.3,2,10.0,61,0.0,30.33,20205
12,20,16,0.509598604,43,29,2.3,3,10.0,61,0.0,30.29,5310
12,21,7,0.432809773,49,12,5.1,4,10.0,74,0.0,30.19,104
12,21,10,0.118673647,49,12,5.1,4,10.0,71,0.0,30.19,881
12,21,13,0.195462478,49,12,5.1,4,8.0,86,6.0,30.07,2223
12,21,16,0.509598604,49,12,5.1,4,5.0,86,10.0,29.99,612
12,22,10,0.120418848,48,26,8.9,1,10.0,69,9.0,29.91,13034
12,22,13,0.193717277,48,26,8.9,3,10.0,71,11.0,29.89,10962
12,22,16,0.5078534029999999,48,26,8.9,3,10.0,71,11.0,29.88,2553
12,23,10,0.120418848,47,13,3.6,3,10.0,77,0.0,29.96,8491
12,23,13,0.193717277,47,13,3.6,3,10.0,77,8.0,29.93,12958
12,23,16,0.5078534029999999,47,13,3.6,3,10.0,69,5.0,29.9,6769
12,24,10,0.122164049,51,14,10.4,4,10.0,80,7.0,29.84,2014
12,24,13,0.191972077,51,14,10.4,4,10.0,77,10.0,29.81,1672
12,24,16,0.5061082020000001,51,14,10.4,4,10.0,72,10.0,29.78,212
12,25,10,0.12195122,47,28,21.1,3,6.0,96,25.0,29.79,7417
12,25,13,0.191637631,47,28,21.1,2,10.0,57,28.0,29.81,20992
12,25,16,0.505226481,47,28,21.1,2,10.0,68,26.0,29.86,5808
12,26,10,0.12369338,47,29,4.9,1,10.0,68,0.0,30.25,13246
12,26,13,0.18989547,47,29,4.9,1,10.0,54,5.0,30.24,22387
12,26,16,0.5034843210000001,47,29,4.9,2,10.0,52,0.0,30.26,6491
12,27,10,0.12369338,45,12,1.3,2,10.0,80,3.0,30.42,6570
12,27,13,0.18989547,45,12,1.3,3,10.0,71,5.0,30.37,13748
12,27,16,0.5034843210000001,45,12,1.3,3,10.0,66,0.0,30.36,1869
12,28,7,0.43826087,51,10,2.4,2,10.0,89,0.0,30.37,101
12,28,10,0.1252173909999999,51,10,2.4,3,10.0,86,8.0,30.39,11039
12,28,13,0.187826087,51,10,2.4,3,10.0,80,0.0,30.33,14950
12,28,16,0.500869565,51,10,2.4,3,10.0,67,0.0,30.28,6341
12,29,10,0.1252173909999999,51,30,3.2,3,6.0,90,5.0,30.3,3729
12,29,13,0.187826087,51,30,3.2,3,6.0,86,3.0,30.25,8365
12,29,16,0.500869565,51,30,3.2,2,10.0,72,0.0,30.22,6822
12,30,7,0.44,50,34,4.6,3,5.0,96,9.0,30.21,15
12,30,10,0.126956522,50,34,4.6,3,0.75,93,6.0,30.23,12426
12,30,13,0.186086957,50,34,4.6,1,5.0,86,3.0,30.15,22458
12,30,16,0.499130435,50,34,4.6,1,10.0,83,6.0,30.12,7453
12,31,10,0.1267361109999999,48,30,4.1,4,0.5,96,3.0,30.26,2423
12,31,13,0.185763889,48,30,4.1,1,2.5,96,3.0,30.2,15177
12,31,16,0.498263889,48,30,4.1,3,1.25,96,8.0,30.18,5904
1,1,10,0.1282495669999999,47,3,3.8,4,4.0,89,5.0,30.21,9650
1,1,13,0.183708839,47,3,3.8,4,6.0,89,0.0,30.14,17059
1,1,16,0.495667244,47,3,3.8,2,7.0,83,6.0,30.09,6573
1,2,10,0.128027682,51,25,10.3,4,3.0,93,6.0,29.93,998
1,2,13,0.183391003,51,25,10.3,4,5.0,90,14.0,29.91,3831
1,2,16,0.494809689,51,25,10.3,2,10.0,74,16.0,29.92,4368
1,3,7,0.438687392,44,30,5.2,1,10.0,86,3.0,30.05,6
1,3,10,0.127806563,44,30,5.2,2,10.0,61,0.0,30.09,10848
1,3,13,0.183074266,44,30,5.2,3,10.0,54,7.0,30.05,20941
1,3,16,0.493955095,44,30,5.2,3,10.0,50,13.0,30.04,7581
1,4,7,0.440414508,42,27,2.4,0,10.0,76,3.0,30.13,13
1,4,10,0.129533679,42,27,2.4,2,10.0,71,0.0,30.21,11696
1,4,13,0.18134715,42,27,2.4,3,10.0,61,3.0,30.17,20749
1,4,16,0.492227979,42,27,2.4,3,10.0,52,0.0,30.17,6851
1,5,10,0.129533679,46,4,4.2,4,10.0,68,0.0,30.2,1847
1,5,13,0.18134715,46,4,4.2,4,1.5,93,0.0,30.16,4988
1,5,16,0.492227979,46,4,4.2,4,1.5,96,5.0,30.18,1175
1,6,10,0.131034483,49,17,3.5,4,8.0,86,6.0,30.3,2312
1,6,13,0.179310345,49,17,3.5,4,10.0,80,3.0,30.26,15975
1,6,16,0.489655172,49,17,3.5,3,10.0,80,0.0,30.25,7508
1,7,10,0.130584192,49,1,3.8,4,5.0,86,3.0,30.29,8716
1,7,13,0.178694158,49,1,3.8,1,5.0,80,0.0,30.23,20917
1,7,16,0.487972509,49,1,3.8,1,6.0,77,0.0,30.19,7239
1,8,10,0.132075472,48,4,3.8,3,2.5,83,5.0,30.22,8436
1,8,13,0.176672384,48,4,3.8,4,9.0,86,6.0,30.17,7129
1,8,16,0.48542024,48,4,3.8,2,9.0,80,7.0,30.18,7093
1,9,7,0.440068493,49,11,6.6,4,0.25,96,0.0,30.27,3
1,9,10,0.131849315,49,11,6.6,1,5.0,96,7.0,30.3,12752
1,9,13,0.176369863,49,11,6.6,1,10.0,51,13.0,30.26,23728
1,9,16,0.484589041,49,11,6.6,1,10.0,39,6.0,30.26,8333
1,10,7,0.439316239,56,8,6.9,0,10.0,61,5.0,30.47,3
1,10,10,0.131623932,56,8,6.9,0,10.0,69,10.0,30.53,12646
1,10,13,0.176068376,56,8,6.9,0,10.0,41,5.0,30.49,23280
1,10,16,0.483760684,56,8,6.9,1,10.0,58,7.0,30.47,8262
1,11,10,0.133105802,48,3,2.7,1,10.0,77,3.0,30.51,12521
1,11,13,0.174061433,48,3,2.7,2,10.0,77,5.0,30.43,22737
1,11,16,0.481228669,48,3,2.7,3,10.0,72,5.0,30.35,7538
1,12,7,0.439522998,59,9,9.5,2,10.0,48,8.0,30.29,128
1,12,10,0.132879046,59,9,9.5,3,10.0,48,17.0,30.31,815
1,13,10,0.134125637,61,13,5.3,0,10.0,46,9.0,30.33,12826
1,13,13,0.17147708,61,13,5.3,0,10.0,35,7.0,30.27,22992
1,13,16,0.477079796,61,13,5.3,0,10.0,29,3.0,30.22,8465
1,14,7,0.438983051,55,9,2.3,0,10.0,89,0.0,30.22,18
1,14,10,0.133898305,55,9,2.3,1,10.0,80,3.0,30.24,12654
1,14,13,0.171186441,55,9,2.3,3,9.0,78,6.0,30.17,22639
1,14,16,0.476271186,55,9,2.3,2,10.0,40,3.0,30.14,8636
1,15,7,0.438240271,56,13,3.2,1,10.0,83,5.0,30.15,15
1,15,10,0.133671743,56,13,3.2,1,10.0,51,9.0,30.17,12969
1,15,13,0.170896785,56,13,3.2,1,10.0,70,6.0,30.12,23144
1,15,16,0.475465313,56,13,3.2,1,10.0,39,3.0,30.1,8684
1,16,7,0.438448567,55,12,2.0,0,10.0,80,0.0,30.22,21
1,16,10,0.134907251,55,12,2.0,0,10.0,72,7.0,30.27,12728
1,16,13,0.1686340639999999,55,12,2.0,0,10.0,65,3.0,30.21,23077
1,16,16,0.472175379,55,12,2.0,0,10.0,56,0.0,30.19,3049
1,17,7,0.437710438,52,6,1.1,0,10.0,89,0.0,30.23,189
1,17,10,0.134680135,52,6,1.1,0,6.0,80,0.0,30.25,12474
1,17,13,0.168350168,52,6,1.1,0,6.0,80,8.0,30.18,22482
1,17,16,0.471380471,52,6,1.1,1,6.0,69,0.0,30.15,8277
1,18,7,0.43697479,55,14,2.5,0,8.0,93,5.0,30.25,52
1,18,10,0.134453782,55,14,2.5,0,4.0,72,8.0,30.29,12545
1,18,13,0.168067227,55,14,2.5,0,5.0,54,3.0,30.26,23065
1,18,16,0.470588235,55,14,2.5,0,6.0,42,0.0,30.25,8581
1,19,7,0.43718593,55,14,1.9,0,10.0,77,0.0,30.24,23
1,19,10,0.1356783919999999,55,14,1.9,0,10.0,48,6.0,30.26,13489
1,19,13,0.1658291459999999,55,14,1.9,0,10.0,45,5.0,30.19,23615
1,19,16,0.467336683,55,14,1.9,0,10.0,31,0.0,30.15,9129
1,20,7,0.436454849,55,13,1.5,1,10.0,86,0.0,30.15,207
1,20,10,0.135451505,55,13,1.5,1,10.0,55,3.0,30.17,13558
1,20,13,0.165551839,55,13,1.5,1,10.0,37,3.0,30.09,23223
1,20,16,0.466555184,55,13,1.5,2,10.0,52,5.0,30.04,8478
1,21,10,0.134775374,55,4,2.4,4,10.0,75,3.0,30.02,1488
1,21,13,0.164725458,55,4,2.4,4,10.0,67,0.0,29.98,2059
1,21,16,0.46422629,55,4,2.4,4,10.0,72,3.0,29.98,1216
1,22,10,0.134551495,53,2,2.6,4,4.0,96,0.0,30.02,120
1,22,13,0.164451827,53,2,2.6,4,4.0,93,7.0,30.0,4956
1,22,16,0.46345515,53,2,2.6,4,8.0,93,0.0,30.0,2298
1,23,10,0.135761589,54,32,2.7,4,6.0,96,0.0,30.05,2240
1,23,13,0.162251656,54,32,2.7,4,1.5,96,0.0,30.03,4097
1,23,16,0.460264901,54,32,2.7,4,3.0,96,0.0,30.02,1871
1,24,10,0.135313531,52,27,10.0,4,6.0,93,10.0,30.18,1483
1,24,13,0.161716172,52,27,10.0,4,10.0,80,10.0,30.15,2273
1,24,16,0.458745875,52,27,10.0,4,9.0,80,9.0,30.15,1717
1,25,7,0.4316309720000001,50,28,18.7,2,10.0,74,18.0,30.09,17
1,25,10,0.13509061,50,28,18.7,2,10.0,69,18.0,30.11,13734
1,25,13,0.161449753,50,28,18.7,3,10.0,72,21.0,30.05,19435
1,25,16,0.457990115,50,28,18.7,3,10.0,72,21.0,29.99,4842
1,26,10,0.1346469619999999,47,32,6.6,1,10.0,71,3.0,30.12,15341
1,26,13,0.16091954,47,32,6.6,1,10.0,66,5.0,30.1,25763
1,26,16,0.456486043,47,32,6.6,1,10.0,51,6.0,30.12,10514
1,27,10,0.135842881,47,36,6.0,1,10.0,34,0.0,30.49,14987
1,27,13,0.158756137,47,36,6.0,1,10.0,35,5.0,30.48,25220
1,27,16,0.453355155,47,36,6.0,1,10.0,53,5.0,30.47,10118
1,28,10,0.135620915,49,27,4.7,0,10.0,61,3.0,30.5,15070
1,28,13,0.158496732,49,27,4.7,0,10.0,40,0.0,30.39,25314
1,28,16,0.452614379,49,27,4.7,1,10.0,67,16.0,30.32,10416
1,30,13,0.157212318,52,29,4.8,0,8.0,75,3.0,30.25,21150
1,30,16,0.448946515,52,29,4.8,0,9.0,56,3.0,30.21,10418
1,31,7,0.424878837,51,28,5.0,0,10.0,89,0.0,30.16,292
1,31,10,0.134087237,51,28,5.0,0,5.0,83,0.0,30.19,15312
1,31,13,0.156704362,51,28,5.0,0,7.0,80,5.0,30.14,24563
1,31,16,0.447495961,51,28,5.0,0,10.0,67,10.0,30.09,10570
1,31,19,0.7382875609999999,51,28,5.0,0,10.0,83,7.0,30.09,1
2,1,7,0.4235104670000001,54,32,1.9,0,10.0,86,0.0,30.18,362
2,1,10,0.133655395,54,32,1.9,0,10.0,42,3.0,30.23,16420
2,1,13,0.156199678,54,32,1.9,0,10.0,29,5.0,30.18,25922
2,1,16,0.44605475,54,32,1.9,0,10.0,29,5.0,30.17,11047
2,2,7,0.424437299,54,7,1.8,1,10.0,89,5.0,30.22,375
2,2,10,0.135048232,54,7,1.8,1,10.0,72,3.0,30.26,15387
2,2,13,0.154340836,54,7,1.8,0,9.0,69,6.0,30.2,24249
2,2,16,0.443729904,54,7,1.8,0,9.0,49,0.0,30.15,10241
2,3,7,0.423076923,56,32,3.1,0,4.0,93,3.0,30.1,345
2,3,10,0.134615385,56,32,3.1,0,4.0,67,6.0,30.1,15731
2,3,13,0.153846154,56,32,3.1,0,5.0,72,5.0,30.02,24745
2,3,16,0.442307692,56,32,3.1,1,10.0,58,8.0,29.97,10469
2,4,7,0.42172524,53,20,4.5,4,6.0,89,5.0,29.97,416
2,4,10,0.134185304,53,20,4.5,3,3.0,93,0.0,29.99,13562
2,4,13,0.153354633,53,20,4.5,4,4.0,78,0.0,29.95,14862
2,4,16,0.440894569,53,20,4.5,4,6.0,65,0.0,29.9,6425
2,4,19,0.728434505,53,20,4.5,4,10.0,75,3.0,29.89,3
2,5,7,0.420382166,55,16,10.3,4,10.0,90,8.0,29.91,1
2,5,10,0.1337579619999999,55,16,10.3,3,10.0,83,11.0,29.96,4891
2,5,13,0.152866242,55,16,10.3,4,10.0,86,10.0,29.92,13489
2,5,16,0.439490446,55,16,10.3,3,10.0,72,14.0,29.9,6004
2,5,19,0.72611465,55,16,10.3,2,10.0,80,14.0,29.9,2
2,6,7,0.419047619,53,13,7.5,4,7.0,96,10.0,29.79,114
2,6,10,0.133333333,53,13,7.5,3,10.0,80,6.0,29.81,7359
2,6,13,0.152380952,53,13,7.5,4,9.0,83,6.0,29.79,4337
2,6,16,0.438095238,53,13,7.5,4,10.0,77,7.0,29.79,7204
2,7,7,0.417721519,55,32,5.3,2,10.0,86,7.0,29.86,501
2,7,10,0.132911392,55,32,5.3,3,10.0,83,3.0,29.89,9382
2,7,13,0.151898734,55,32,5.3,3,10.0,77,0.0,29.85,18365
2,7,16,0.436708861,55,32,5.3,2,10.0,69,11.0,29.85,9865
2,8,10,0.132283465,50,23,9.0,4,10.0,86,6.0,29.93,2169
2,8,13,0.1511811019999999,50,23,9.0,4,10.0,77,10.0,29.91,6027
2,8,16,0.434645669,50,23,9.0,3,10.0,69,16.0,29.85,7760
2,9,7,0.4144427,48,29,16.2,3,10.0,77,6.0,29.89,795
2,9,10,0.131868132,48,29,16.2,3,10.0,59,21.0,29.96,16394
2,9,13,0.150706436,48,29,16.2,1,10.0,47,28.0,29.97,28891
2,9,16,0.433281005,48,29,16.2,1,10.0,64,26.0,30.0,12843
2,10,7,0.41314554,46,22,10.4,0,10.0,70,5.0,30.18,765
2,10,10,0.131455399,46,22,10.4,1,10.0,54,14.0,30.22,18914
2,10,13,0.150234742,46,22,10.4,3,10.0,59,8.0,30.21,26486
2,10,16,0.431924883,46,22,10.4,3,10.0,61,11.0,30.18,6262
2,12,7,0.409937888,49,22,6.0,2,10.0,86,0.0,30.14,860
2,12,10,0.130434783,49,22,6.0,2,10.0,77,5.0,30.2,14244
2,12,13,0.149068323,49,22,6.0,1,10.0,66,5.0,30.17,23065
2,12,16,0.428571429,49,22,6.0,3,10.0,59,8.0,30.15,12110
2,13,7,0.408668731,49,21,8.1,3,10.0,89,0.0,29.97,677
2,13,10,0.13003096,49,21,8.1,2,10.0,71,7.0,29.98,10223
2,13,13,0.148606811,49,21,8.1,2,10.0,57,10.0,29.96,23594
2,13,16,0.427244582,49,21,8.1,4,4.0,83,11.0,29.96,3329
2,14,7,0.4074074070000001,48,14,12.3,3,10.0,93,8.0,30.01,311
2,14,10,0.12962963,48,14,12.3,3,10.0,80,11.0,30.04,14471
2,14,13,0.148148148,48,14,12.3,3,10.0,64,15.0,29.99,16337
2,14,16,0.425925926,48,14,12.3,3,10.0,59,17.0,29.94,7212
2,15,10,0.129230769,49,13,16.6,4,5.0,89,20.0,29.75,2428
2,15,13,0.147692308,49,13,16.6,4,10.0,83,24.0,29.7,3695
2,15,16,0.424615385,49,13,16.6,4,4.0,83,16.0,29.71,121
2,16,10,0.1288343559999999,51,15,12.6,4,8.0,89,9.0,29.56,2983
2,16,13,0.147239264,51,15,12.6,3,10.0,74,11.0,29.61,13147
2,16,16,0.423312883,51,15,12.6,3,10.0,66,17.0,29.64,5516
2,17,7,0.403669725,51,18,11.8,4,10.0,80,11.0,29.79,114
2,17,10,0.128440367,51,18,11.8,3,10.0,72,14.0,29.87,2274
2,17,13,0.146788991,51,18,11.8,4,10.0,74,17.0,29.92,5403
2,17,16,0.422018349,51,18,11.8,3,10.0,80,6.0,29.96,2903
2,17,19,0.697247706,51,18,11.8,3,10.0,83,6.0,30.02,145
2,18,7,0.401826484,50,7,3.8,1,10.0,93,0.0,30.22,314
2,18,10,0.127853881,50,7,3.8,3,10.0,83,8.0,30.25,18188
2,18,13,0.146118721,50,7,3.8,3,10.0,75,6.0,30.21,23389
2,18,16,0.420091324,50,7,3.8,4,10.0,62,0.0,30.19,7755
2,18,19,0.6940639270000001,50,7,3.8,3,10.0,67,0.0,30.2,97
2,19,7,0.40060698,53,16,3.0,1,10.0,93,0.0,30.2,1011
2,19,10,0.127465857,53,16,3.0,1,10.0,83,6.0,30.22,19469
2,19,13,0.145675266,53,16,3.0,2,10.0,72,3.0,30.18,27043
2,19,16,0.418816388,53,16,3.0,2,10.0,40,10.0,30.13,13347
2,19,19,0.6919575109999999,53,16,3.0,1,10.0,69,6.0,30.14,72
2,20,7,0.397881997,54,32,1.3,3,10.0,86,3.0,30.18,869
2,20,10,0.1255673219999999,54,32,1.3,3,10.0,69,5.0,30.19,7004
2,21,7,0.396084337,55,14,6.9,3,10.0,86,3.0,30.05,455
2,21,10,0.125,55,14,6.9,3,10.0,83,6.0,30.05,15925
2,21,13,0.1460843369999999,55,14,6.9,4,10.0,83,0.0,30.04,12785
2,21,16,0.417168675,55,14,6.9,4,10.0,62,6.0,30.0,3458
2,22,10,0.124437781,56,15,9.4,4,4.0,93,7.0,29.99,133
2,22,13,0.145427286,56,15,9.4,4,4.0,90,7.0,29.99,1272
2,22,16,0.415292354,56,15,9.4,4,3.0,90,13.0,29.99,263
2,23,10,0.12406577,57,17,14.6,4,9.0,87,26.0,30.07,1046
2,23,13,0.1449925259999999,57,17,14.6,4,10.0,84,18.0,30.07,2918
2,23,16,0.414050822,57,17,14.6,3,10.0,81,15.0,30.07,3445
2,23,19,0.683109118,57,17,14.6,4,8.0,87,16.0,30.09,144
2,24,7,0.39195231,55,27,5.3,3,9.0,100,3.0,30.18,1512
2,24,10,0.123695976,55,27,5.3,1,10.0,78,5.0,30.19,19599
2,24,13,0.144560358,55,27,5.3,2,10.0,72,5.0,30.17,29645
2,24,16,0.412816692,55,27,5.3,3,10.0,60,13.0,30.12,14527
2,24,19,0.681073025,55,27,5.3,3,10.0,77,8.0,30.08,135
2,25,7,0.390207715,56,17,7.6,3,10.0,86,8.0,30.11,196
2,25,10,0.123145401,56,17,7.6,3,10.0,77,6.0,30.15,9942
2,25,13,0.143916914,56,17,7.6,3,10.0,58,13.0,30.15,21062
2,25,16,0.410979228,56,17,7.6,4,10.0,72,11.0,30.13,5755
2,26,7,0.389053254,53,27,11.1,4,10.0,90,7.0,30.16,262
2,26,10,0.122781065,53,27,11.1,3,10.0,80,9.0,30.22,8573
2,26,13,0.143491124,53,27,11.1,3,10.0,75,14.0,30.21,28021
2,26,16,0.409763314,53,27,11.1,2,10.0,67,22.0,30.18,14907
2,26,19,0.6760355029999999,53,27,11.1,2,10.0,74,13.0,30.21,112
2,27,7,0.386430678,52,32,5.2,3,10.0,74,5.0,30.23,1699
2,27,10,0.120943953,52,32,5.2,2,10.0,66,8.0,30.21,20749
2,27,13,0.144542773,52,32,5.2,3,10.0,64,6.0,30.17,29836
2,27,16,0.410029499,52,32,5.2,3,10.0,62,0.0,30.14,11279
2,27,19,0.6755162240000001,52,32,5.2,3,10.0,67,0.0,30.1,66
2,28,7,0.384728341,55,10,3.1,3,10.0,71,0.0,30.04,659
2,28,10,0.12041116,55,10,3.1,4,10.0,69,3.0,30.05,9928
2,28,13,0.143906021,55,10,3.1,4,10.0,70,5.0,30.01,11983
2,28,16,0.408223201,55,10,3.1,4,10.0,75,5.0,29.96,6459
2,28,19,0.672540382,55,10,3.1,4,10.0,75,3.0,29.97,41
3,1,10,0.120058565,59,14,9.9,4,10.0,83,5.0,30.04,2396
3,1,13,0.143484627,59,14,9.9,4,10.0,87,16.0,29.97,2687
3,1,16,0.407027818,59,14,9.9,4,9.0,90,23.0,29.87,608
3,2,7,0.381924198,57,19,20.8,4,3.0,93,17.0,29.91,21
3,2,10,0.119533528,57,19,20.8,4,8.0,90,11.0,29.91,532
3,2,13,0.142857143,57,19,20.8,4,1.5,86,22.0,29.9,3748
3,2,16,0.405247813,57,19,20.8,2,10.0,67,33.0,29.89,10489
3,3,10,0.119186047,54,20,17.3,3,8.0,90,11.0,29.95,2933
3,3,13,0.14244186,54,20,17.3,3,9.0,83,17.0,29.91,15361
3,3,16,0.404069767,54,20,17.3,3,10.0,55,24.0,29.86,4139
3,4,7,0.37826087,50,18,7.9,3,10.0,80,6.0,29.96,1291
3,4,10,0.117391304,50,18,7.9,3,10.0,77,5.0,30.03,16983
3,4,13,0.143478261,50,18,7.9,3,10.0,57,13.0,30.03,25415
3,4,16,0.404347826,50,18,7.9,3,10.0,55,11.0,30.03,12898
3,4,19,0.665217391,50,18,7.9,3,10.0,71,9.0,30.05,134
3,5,7,0.376623377,52,27,7.3,3,10.0,77,6.0,30.14,1190
3,5,10,0.116883117,52,27,7.3,3,10.0,80,3.0,30.18,16816
3,5,13,0.142857143,52,27,7.3,3,10.0,69,5.0,30.16,27173
3,5,16,0.402597403,52,27,7.3,3,10.0,62,10.0,30.13,15652
3,5,19,0.662337662,52,27,7.3,3,10.0,72,10.0,30.13,86
3,6,7,0.375539568,52,28,12.6,4,10.0,80,3.0,30.14,467
3,6,10,0.116546763,52,28,12.6,3,10.0,67,14.0,30.15,21939
3,6,13,0.142446043,52,28,12.6,3,10.0,64,17.0,30.13,16806
3,6,16,0.401438849,52,28,12.6,3,10.0,64,18.0,30.1,14635
3,6,19,0.660431655,52,28,12.6,2,10.0,77,15.0,30.11,335
3,7,7,0.373925501,52,28,6.3,1,10.0,93,0.0,30.11,1364
3,7,10,0.116045845,52,28,6.3,1,10.0,80,6.0,30.15,19736
3,7,13,0.141833811,52,28,6.3,1,10.0,75,3.0,30.12,30769
3,7,16,0.399713467,52,28,6.3,2,10.0,67,14.0,30.07,15836
3,7,19,0.657593123,52,28,6.3,1,10.0,77,13.0,30.07,228
3,8,7,0.457142857,52,26,13.4,4,10.0,77,9.0,30.03,331
3,8,10,0.2,52,26,13.4,2,10.0,72,5.0,30.03,14201
3,8,13,0.057142857,52,26,13.4,1,10.0,59,17.0,30.01,31911
3,8,16,0.314285714,52,26,13.4,1,10.0,64,22.0,29.97,16173
3,8,19,0.571428571,52,26,13.4,1,10.0,71,10.0,29.96,230
3,9,7,0.455192034,49,29,13.2,1,10.0,53,14.0,30.07,2292
3,9,10,0.199146515,49,29,13.2,1,10.0,48,11.0,30.12,25550
3,9,13,0.056899004,49,29,13.2,1,10.0,45,15.0,30.12,32890
3,9,16,0.312944523,49,29,13.2,1,10.0,50,18.0,30.11,17309
3,9,19,0.568990043,49,29,13.2,0,10.0,63,16.0,30.13,244
3,10,7,0.453900709,48,27,6.3,0,10.0,77,6.0,30.18,2552
3,10,10,0.19858156,48,27,6.3,1,10.0,71,3.0,30.2,24464
3,10,13,0.056737589,48,27,6.3,1,10.0,45,3.0,30.14,32187
3,10,16,0.312056738,48,27,6.3,1,10.0,53,17.0,30.08,16680
3,10,19,0.5673758870000001,48,27,6.3,1,10.0,61,17.0,30.07,160
3,11,7,0.45261669,50,28,5.9,1,10.0,79,0.0,30.05,2089
3,11,10,0.198019802,50,28,5.9,1,10.0,74,5.0,30.07,24003
3,11,13,0.056577086,50,28,5.9,1,10.0,41,0.0,30.03,31376
3,11,16,0.311173975,50,28,5.9,2,10.0,57,14.0,30.0,16173
3,11,19,0.565770863,50,28,5.9,0,10.0,69,16.0,30.02,247
3,12,7,0.449929478,51,28,9.5,1,10.0,89,5.0,30.1,1452
3,12,10,0.196050776,51,28,9.5,1,10.0,77,5.0,30.13,22968
3,12,13,0.057827927,51,28,9.5,1,10.0,62,14.0,30.1,31733
3,12,16,0.311706629,51,28,9.5,1,10.0,72,20.0,30.1,16613
3,12,19,0.565585331,51,28,9.5,1,10.0,83,17.0,30.1,264
3,13,7,0.448033708,52,27,11.5,4,10.0,83,0.0,30.16,738
3,13,10,0.195224719,52,27,11.5,2,10.0,77,5.0,30.18,22241
3,13,13,0.05758427,52,27,11.5,1,10.0,72,14.0,30.12,31880
3,13,16,0.310393258,52,27,11.5,1,10.0,72,24.0,30.09,16760
3,13,19,0.563202247,52,27,11.5,2,10.0,83,14.0,30.07,277
3,14,7,0.446778711,51,27,12.9,4,10.0,66,9.0,30.05,1260
3,14,10,0.194677871,51,27,12.9,4,10.0,66,17.0,30.08,13083
3,14,13,0.057422969,51,27,12.9,4,10.0,64,17.0,30.05,16045
3,14,16,0.30952381,51,27,12.9,4,10.0,64,16.0,30.03,10900
3,14,19,0.56162465,51,27,12.9,4,10.0,74,13.0,30.04,229
3,15,7,0.444909344,55,18,8.2,4,4.0,96,7.0,30.08,234
3,15,10,0.193863319,55,18,8.2,4,10.0,90,6.0,30.12,4700
3,15,13,0.0571827059999999,55,18,8.2,4,10.0,78,10.0,30.12,8957
3,15,16,0.308228731,55,18,8.2,4,10.0,75,13.0,30.11,4361
3,15,19,0.559274756,55,18,8.2,3,10.0,80,8.0,30.13,12
3,16,7,0.442280946,59,20,8.6,4,10.0,96,7.0,30.22,324
3,16,10,0.191933241,59,20,8.6,4,9.0,87,11.0,30.26,6543
3,16,13,0.058414465,59,20,8.6,3,10.0,72,10.0,30.26,15051
3,16,16,0.30876217,59,20,8.6,3,10.0,70,16.0,30.25,12293
3,16,19,0.559109875,59,20,8.6,3,10.0,87,8.0,30.26,30
3,17,7,0.440443213,58,28,9.0,4,10.0,90,0.0,30.3,388
3,17,10,0.191135734,58,28,9.0,3,10.0,75,6.0,30.31,15785
3,17,13,0.058171745,58,28,9.0,3,10.0,72,5.0,30.28,27142
3,17,16,0.307479224,58,28,9.0,2,10.0,78,15.0,30.24,15649
3,17,19,0.556786704,58,28,9.0,3,10.0,86,22.0,30.24,290
3,18,7,0.439226519,58,29,8.0,4,8.0,90,0.0,30.22,3180
3,18,10,0.190607735,58,29,8.0,3,7.0,83,0.0,30.22,23463
3,18,13,0.05801105,58,29,8.0,3,8.0,75,5.0,30.16,27536
3,18,16,0.306629834,58,29,8.0,3,10.0,61,17.0,30.1,13687
3,18,19,0.555248619,58,29,8.0,3,10.0,72,17.0,30.07,384
3,19,7,0.436038514,59,28,12.4,1,9.0,86,13.0,30.03,3324
3,19,10,0.188445667,59,28,12.4,2,10.0,78,3.0,30.03,24644
3,19,13,0.05914718,59,28,12.4,2,10.0,67,20.0,29.99,31762
3,19,16,0.306740028,59,28,12.4,2,10.0,70,24.0,29.97,16724
3,19,19,0.554332875,59,28,12.4,1,10.0,77,17.0,29.95,330
3,20,7,0.43484225,54,27,15.6,4,8.0,96,14.0,29.96,549
3,20,10,0.187928669,54,27,15.6,3,9.0,83,10.0,29.97,21293
3,20,13,0.058984911,54,27,15.6,1,10.0,75,20.0,29.94,32324
3,20,16,0.305898491,54,27,15.6,3,9.0,83,24.0,29.91,16800
3,20,19,0.552812071,54,27,15.6,2,10.0,83,14.0,29.9,423
3,21,7,0.433060109,52,22,10.9,3,10.0,77,7.0,29.95,892
3,21,10,0.18715847,52,22,10.9,3,10.0,69,10.0,29.97,5981
3,21,13,0.058743169,52,22,10.9,4,10.0,77,13.0,29.97,8283
3,21,16,0.304644809,52,22,10.9,4,10.0,78,17.0,29.95,6459
3,21,19,0.550546448,52,22,10.9,4,10.0,80,10.0,29.93,189
3,22,7,0.430517711,49,29,22.1,3,10.0,66,26.0,30.08,1569
3,22,10,0.185286104,49,29,22.1,2,10.0,59,29.0,30.18,20733
3,22,13,0.059945504,49,29,22.1,2,10.0,54,26.0,30.21,20678
3,22,16,0.305177112,49,29,22.1,1,10.0,55,26.0,30.22,16864
3,22,19,0.550408719,49,29,22.1,1,10.0,61,26.0,30.26,390
3,23,7,0.428765265,49,29,13.5,1,10.0,63,7.0,30.36,3732
3,23,10,0.184531886,49,29,13.5,0,10.0,43,18.0,30.38,27378
3,23,13,0.059701493,49,29,13.5,0,10.0,43,16.0,30.35,33387
3,23,16,0.303934871,49,29,13.5,1,10.0,57,28.0,30.3,17470
3,23,19,0.54816825,49,29,13.5,1,10.0,64,16.0,30.26,426
3,24,7,0.427604871,52,27,10.7,1,10.0,80,3.0,30.27,3507
3,24,10,0.184032476,52,27,10.7,0,10.0,67,6.0,30.29,25440
3,24,13,0.059539919,52,27,10.7,1,10.0,60,17.0,30.23,32254
3,24,16,0.303112314,52,27,10.7,1,10.0,67,21.0,30.19,17103
3,24,19,0.546684709,52,27,10.7,2,10.0,80,22.0,30.17,445
3,25,7,0.425876011,55,27,16.1,1,10.0,86,5.0,30.16,3621
3,25,10,0.18328841,55,27,16.1,2,10.0,67,11.0,30.17,24151
3,25,13,0.059299191,55,27,16.1,2,10.0,60,20.0,30.13,27094
3,25,16,0.301886792,55,27,16.1,3,10.0,62,24.0,30.1,14349
3,25,19,0.544474394,55,27,16.1,2,10.0,83,31.0,30.07,350
3,26,7,0.423956931,57,27,15.7,1,10.0,86,11.0,30.05,4074
3,26,10,0.181695828,57,27,15.7,1,10.0,72,7.0,30.05,26663
3,26,13,0.060565276,57,27,15.7,1,10.0,60,17.0,30.02,31714
3,26,16,0.30282638,57,27,15.7,2,10.0,70,24.0,29.98,16656
3,26,19,0.545087483,57,27,15.7,2,10.0,77,22.0,29.97,573
3,27,7,0.422252011,62,28,9.9,1,10.0,83,6.0,30.01,4440
3,27,10,0.180965147,62,28,9.9,1,10.0,65,0.0,30.03,25704
3,27,13,0.060321716,62,28,9.9,1,10.0,41,14.0,30.01,31885
3,27,16,0.301608579,62,28,9.9,1,10.0,52,18.0,29.98,17252
3,27,19,0.5428954420000001,62,28,9.9,1,10.0,72,13.0,29.99,404
3,28,7,0.421122995,59,28,12.1,0,9.0,83,5.0,30.0,4023
3,28,10,0.180481283,59,28,12.1,0,9.0,78,6.0,30.0,25824
3,28,13,0.060160428,59,28,12.1,1,10.0,55,11.0,29.94,32377
3,28,16,0.300802139,59,28,12.1,3,10.0,67,20.0,29.91,17421
3,28,19,0.54144385,59,28,12.1,2,10.0,72,21.0,29.89,514
3,29,7,0.418109188,54,28,19.6,1,10.0,77,18.0,29.94,4374
3,29,10,0.178428762,54,28,19.6,1,10.0,53,9.0,29.97,27279
3,29,13,0.061251664,54,28,19.6,1,10.0,46,22.0,29.97,33390
3,29,16,0.300932091,54,28,19.6,0,10.0,51,26.0,29.94,18105
3,29,19,0.540612517,54,28,19.6,0,10.0,69,23.0,29.95,516
3,30,7,0.416998672,57,32,15.4,1,10.0,40,16.0,30.08,4463
3,30,10,0.177954847,57,32,15.4,1,10.0,36,13.0,30.11,27647
3,30,13,0.061088977,57,32,15.4,0,10.0,24,3.0,30.08,33045
3,30,16,0.300132802,57,32,15.4,1,10.0,51,23.0,30.05,17848
3,30,19,0.539176627,57,32,15.4,1,10.0,64,18.0,30.06,519
3,31,7,0.415343915,57,27,12.6,1,9.0,86,3.0,30.11,4386
3,31,10,0.177248677,57,27,12.6,1,9.0,72,3.0,30.12,25419
3,31,13,0.0608465609999999,57,27,12.6,3,10.0,45,16.0,30.07,31423
3,31,16,0.298941799,57,27,12.6,2,10.0,52,25.0,30.02,17640
3,31,19,0.537037037,57,27,12.6,2,10.0,62,31.0,29.97,716
4,1,7,0.41292876,56,27,19.3,2,10.0,77,14.0,30.01,4488
4,1,10,0.175461741,56,27,19.3,1,10.0,54,10.0,30.02,26755
4,1,13,0.062005277,56,27,19.3,0,10.0,52,25.0,30.0,32471
4,1,16,0.299472296,56,27,19.3,0,10.0,60,26.0,29.95,17465
4,1,19,0.536939314,56,27,19.3,2,10.0,80,25.0,29.93,523
4,2,7,0.41130092,54,27,25.1,2,10.0,89,17.0,29.96,4764
4,2,10,0.174770039,54,27,25.1,1,10.0,75,24.0,29.98,27354
4,2,13,0.061760841,54,27,25.1,3,10.0,75,32.0,29.96,33463
4,2,16,0.298291721,54,27,25.1,2,10.0,64,38.0,29.89,18575
4,2,19,0.534822602,54,27,25.1,2,10.0,74,25.0,29.91,568
4,3,7,0.410222805,51,28,18.0,1,10.0,71,13.0,30.0,4944
4,3,10,0.174311927,51,28,18.0,0,10.0,55,20.0,30.0,28147
4,3,13,0.061598952,51,28,18.0,0,10.0,51,26.0,29.98,34212
4,3,16,0.29750983,51,28,18.0,1,10.0,51,28.0,29.94,18643
4,3,19,0.533420708,51,28,18.0,0,10.0,69,18.0,29.95,561
4,4,7,0.408616188,53,28,6.0,0,10.0,77,0.0,30.04,5397
4,4,10,0.173629243,53,28,6.0,0,10.0,37,3.0,30.07,27967
4,4,13,0.061357702,53,28,6.0,1,10.0,38,0.0,30.06,33706
4,4,16,0.296344648,53,28,6.0,2,10.0,32,17.0,30.02,18351
4,4,19,0.531331593,53,28,6.0,1,10.0,50,16.0,30.02,604
4,5,7,0.40625,59,23,3.5,1,10.0,71,0.0,30.09,5001
4,5,10,0.171875,59,23,3.5,0,10.0,58,5.0,30.1,26917
4,5,13,0.0625,59,23,3.5,0,10.0,37,5.0,30.06,32087
4,5,16,0.296875,59,23,3.5,0,10.0,17,9.0,30.02,17213
4,5,19,0.53125,59,23,3.5,0,10.0,17,6.0,30.02,570
4,6,7,0.404669261,62,29,6.4,0,10.0,59,3.0,30.03,5180
4,6,10,0.171206226,62,29,6.4,1,10.0,33,7.0,30.01,26895
4,6,13,0.062256809,62,29,6.4,3,10.0,31,3.0,29.97,29516
4,6,16,0.295719844,62,29,6.4,3,10.0,36,13.0,29.94,13463
4,6,19,0.5291828789999999,62,29,6.4,2,10.0,50,9.0,29.92,1163
4,7,7,0.404145078,56,18,9.9,3,10.0,77,6.0,29.9,680
4,7,10,0.170984456,56,18,9.9,4,9.0,86,10.0,29.94,3238
4,7,13,0.062176166,56,18,9.9,4,10.0,93,3.0,29.92,11377
4,7,16,0.295336788,56,18,9.9,3,10.0,60,20.0,29.92,11529
4,7,19,0.528497409,56,18,9.9,3,10.0,93,13.0,29.92,48
4,8,7,0.401290323,56,21,9.6,3,10.0,83,3.0,30.02,436
4,8,10,0.169032258,56,21,9.6,3,10.0,72,11.0,30.08,8803
4,8,13,0.063225806,56,21,9.6,4,10.0,67,15.0,30.09,6347
4,8,16,0.295483871,56,21,9.6,3,10.0,65,16.0,30.06,1494
4,8,19,0.527741935,56,21,9.6,2,10.0,75,15.0,30.05,644
4,9,7,0.4002574,53,20,8.8,4,10.0,74,8.0,30.02,30
4,9,10,0.168597169,53,20,8.8,4,10.0,77,7.0,30.01,7047
4,9,13,0.063063063,53,20,8.8,4,10.0,64,17.0,29.97,7156
4,9,16,0.294723295,53,20,8.8,4,10.0,77,11.0,29.92,2704
4,9,19,0.526383526,53,20,8.8,4,10.0,77,9.0,29.89,229
4,10,7,0.398717949,54,27,15.8,4,10.0,83,13.0,29.85,1920
4,10,10,0.167948718,54,27,15.8,3,10.0,67,10.0,29.89,14825
4,10,13,0.062820513,54,27,15.8,1,10.0,58,8.0,29.88,27081
4,10,16,0.293589744,54,27,15.8,2,10.0,64,29.0,29.88,15012
4,10,19,0.524358974,54,27,15.8,2,10.0,71,25.0,29.89,690
4,11,7,0.39769821,54,27,18.0,2,10.0,74,8.0,30.04,6243
4,11,10,0.167519182,54,27,18.0,2,10.0,64,18.0,30.12,28693
4,11,13,0.062659847,54,27,18.0,2,10.0,56,17.0,30.14,33510
4,11,16,0.292838875,54,27,18.0,3,10.0,67,23.0,30.15,18950
4,11,19,0.523017903,54,27,18.0,3,10.0,83,16.0,30.16,738
4,12,7,0.394904459,56,27,17.5,2,10.0,86,9.0,30.26,5715
4,12,10,0.165605096,56,27,17.5,1,10.0,65,9.0,30.27,28438
4,12,13,0.063694268,56,27,17.5,2,10.0,65,18.0,30.26,33567
4,12,16,0.292993631,56,27,17.5,2,10.0,70,22.0,30.22,18995
4,12,19,0.522292994,56,27,17.5,2,10.0,80,25.0,30.2,668
4,13,7,0.393900889,55,27,19.6,4,10.0,93,15.0,30.13,4859
4,13,10,0.165184244,55,27,19.6,3,10.0,75,16.0,30.11,25254
4,13,13,0.063532402,55,27,19.6,3,10.0,60,21.0,30.07,29857
4,13,16,0.292249047,55,27,19.6,3,10.0,53,31.0,30.0,17948
4,13,19,0.520965693,55,27,19.6,3,10.0,69,28.0,29.96,516
4,14,7,0.392902408,50,29,26.6,1,10.0,58,16.0,29.97,6318
4,14,10,0.164765526,50,29,26.6,1,10.0,47,28.0,29.95,30856
4,14,13,0.0633713559999999,50,29,26.6,1,10.0,49,40.0,29.94,36580
4,14,16,0.291508238,50,29,26.6,2,10.0,61,39.0,29.91,7428
4,14,19,0.51964512,50,29,26.6,2,10.0,68,32.0,29.92,41
4,15,7,0.391414141,49,28,20.5,0,10.0,61,17.0,30.07,6685
4,15,10,0.164141414,49,28,20.5,1,10.0,49,21.0,30.11,30072
4,15,13,0.063131313,49,28,20.5,1,10.0,51,25.0,30.1,35251
4,15,16,0.29040404,49,28,20.5,1,10.0,57,30.0,30.11,19527
4,15,19,0.517676768,49,28,20.5,1,10.0,71,28.0,30.13,793
4,16,7,0.389168766,52,27,17.2,3,10.0,80,15.0,30.27,6704
4,16,10,0.162468514,52,27,17.2,1,10.0,59,3.0,30.28,28992
4,16,13,0.064231738,52,27,17.2,1,10.0,57,21.0,30.27,34751
4,16,16,0.29093199,52,27,17.2,3,10.0,62,24.0,30.25,18441
4,16,19,0.517632242,52,27,17.2,2,10.0,74,29.0,30.22,731
4,17,7,0.38770389,57,28,12.1,1,10.0,83,0.0,30.26,6529
4,17,10,0.161856964,57,28,12.1,3,10.0,67,6.0,30.26,27655
4,17,13,0.063989962,57,28,12.1,3,10.0,42,14.0,30.21,32802
4,17,16,0.289836888,57,28,12.1,2,10.0,63,26.0,30.17,18587
4,17,19,0.515683814,57,28,12.1,2,10.0,83,13.0,30.14,751
4,18,7,0.387218045,59,30,8.3,4,1.75,96,6.0,30.15,6153
4,18,10,0.161654135,59,30,8.3,1,7.0,83,5.0,30.14,28194
4,18,13,0.063909774,59,30,8.3,1,10.0,49,14.0,30.09,33175
4,18,16,0.289473684,59,30,8.3,1,10.0,53,11.0,30.06,18918
4,18,19,0.5150375939999999,59,30,8.3,1,10.0,75,10.0,30.05,793
4,19,7,0.38625,69,30,3.9,0,10.0,78,0.0,30.09,6617
4,19,10,0.16125,69,30,3.9,0,10.0,75,3.0,30.11,27440
4,19,13,0.06375,69,30,3.9,0,10.0,48,0.0,30.07,31610
4,19,16,0.28875,69,30,3.9,0,10.0,43,5.0,30.02,17762
4,19,19,0.51375,69,30,3.9,1,10.0,40,15.0,30.01,769
4,20,7,0.384806974,75,31,5.5,1,10.0,78,3.0,30.06,6642
4,20,10,0.160647572,75,31,5.5,1,9.0,73,7.0,30.05,27058
4,20,13,0.0635118309999999,75,31,5.5,1,10.0,60,6.0,30.0,31440
4,20,16,0.287671233,75,31,5.5,2,10.0,18,11.0,29.94,17838
4,20,19,0.511830635,75,31,5.5,2,10.0,32,15.0,29.95,822
4,21,7,0.382608696,74,29,6.7,3,10.0,70,0.0,29.95,6918
4,21,10,0.159006211,74,29,6.7,3,10.0,70,5.0,29.94,26270
4,21,13,0.064596273,74,29,6.7,3,10.0,52,3.0,29.9,24932
4,21,16,0.288198758,74,29,6.7,3,10.0,27,23.0,29.86,16620
4,21,19,0.511801242,74,29,6.7,3,10.0,30,16.0,29.84,1408
4,22,7,0.381660471,61,29,13.4,1,10.0,67,6.0,29.86,6772
4,22,10,0.158612144,61,29,13.4,1,10.0,61,16.0,29.9,28158
4,22,13,0.064436183,61,29,13.4,1,10.0,63,20.0,29.88,33296
4,22,16,0.287484511,61,29,13.4,2,10.0,68,18.0,29.83,18819
4,22,19,0.5105328379999999,61,29,13.4,2,10.0,80,22.0,29.85,920
4,23,7,0.380246914,57,26,10.4,3,10.0,77,7.0,29.94,867
4,23,10,0.158024691,57,26,10.4,3,10.0,70,5.0,29.96,1052
4,24,7,0.379310345,53,27,24.4,4,10.0,71,26.0,30.01,1336
4,24,10,0.157635468,53,27,24.4,2,10.0,59,31.0,30.05,29986
4,24,13,0.064039409,53,27,24.4,1,10.0,55,32.0,30.07,35778
4,24,16,0.285714286,53,27,24.4,2,10.0,57,29.0,30.05,20064
4,24,19,0.5073891629999999,53,27,24.4,2,10.0,69,31.0,30.04,944
4,25,7,0.378378378,52,26,18.0,3,10.0,77,16.0,30.14,6356
4,25,10,0.157248157,52,26,18.0,2,10.0,64,20.0,30.17,29565
4,25,13,0.063882064,52,26,18.0,1,10.0,57,23.0,30.16,34976
4,25,16,0.285012285,52,26,18.0,1,10.0,64,28.0,30.15,19557
4,25,19,0.506142506,52,26,18.0,2,10.0,74,20.0,30.13,984
4,26,7,0.37622549,55,26,14.8,2,10.0,77,16.0,30.09,6880
4,26,10,0.155637255,55,26,14.8,1,10.0,62,3.0,30.07,28930
4,26,13,0.06495098,55,26,14.8,1,10.0,52,14.0,30.04,34173
4,26,16,0.285539216,55,26,14.8,1,10.0,62,22.0,30.02,19225
4,26,19,0.506127451,55,26,14.8,1,10.0,74,21.0,29.99,948
4,27,7,0.374847375,52,26,16.8,3,10.0,74,11.0,30.0,4611
4,27,10,0.155067155,52,26,16.8,3,10.0,64,21.0,29.99,20425
4,27,13,0.064713065,52,26,16.8,3,10.0,66,23.0,30.02,35553
4,27,16,0.284493284,52,26,16.8,2,10.0,57,24.0,30.01,20055
4,27,19,0.504273504,52,26,16.8,2,10.0,69,11.0,30.03,1308
4,28,7,0.373934227,53,27,14.5,1,10.0,71,14.0,30.11,7452
4,28,10,0.154689403,53,27,14.5,3,10.0,57,17.0,30.14,28333
4,28,13,0.06455542,53,27,14.5,1,10.0,44,18.0,30.13,36400
4,28,16,0.283800244,53,27,14.5,1,10.0,49,23.0,30.13,18707
4,28,19,0.5030450670000001,53,27,14.5,1,10.0,66,13.0,30.14,1047
4,29,7,0.373025516,54,27,15.2,1,10.0,74,16.0,30.18,7393
4,29,10,0.154313487,54,27,15.2,1,10.0,55,17.0,30.2,28785
4,29,13,0.064398542,54,27,15.2,3,10.0,46,21.0,30.18,34289
4,29,16,0.283110571,54,27,15.2,2,10.0,48,16.0,30.17,20125
4,29,19,0.5018226,54,27,15.2,2,10.0,66,14.0,30.16,1111
4,30,7,0.372121212,55,27,12.0,3,10.0,74,15.0,30.18,4162
4,30,10,0.153939394,55,27,12.0,3,10.0,55,13.0,30.19,27741
4,30,13,0.064242424,55,27,12.0,3,10.0,44,15.0,30.15,29768
4,30,16,0.282424242,55,27,12.0,4,10.0,50,14.0,30.07,13827
4,30,19,0.500606061,55,27,12.0,4,10.0,64,20.0,30.1,1109
5,1,7,0.371670702,56,17,8.5,3,10.0,59,6.0,30.0,3799
5,1,10,0.153753027,56,17,8.5,3,10.0,60,0.0,29.98,12336
5,1,13,0.064164649,56,17,8.5,4,10.0,72,0.0,29.96,8841
5,1,16,0.282082324,56,17,8.5,4,7.0,93,13.0,29.91,1531
5,2,7,0.370772947,60,18,11.0,4,10.0,81,5.0,30.04,2126
5,2,10,0.153381643,60,18,11.0,4,10.0,87,8.0,30.07,5369
5,2,13,0.064009662,60,18,11.0,4,10.0,81,20.0,30.08,11213
5,2,16,0.281400966,60,18,11.0,4,10.0,75,18.0,30.08,6111
5,2,19,0.498792271,60,18,11.0,4,10.0,84,13.0,30.07,111
5,3,7,0.369434416,59,23,9.8,4,4.0,93,13.0,30.1,843
5,3,10,0.152827918,59,23,9.8,4,10.0,81,15.0,30.13,5395
5,3,13,0.06377858,59,23,9.8,4,10.0,75,13.0,30.14,10351
5,3,16,0.280385078,59,23,9.8,4,10.0,75,9.0,30.1,11610
5,3,19,0.496991576,59,23,9.8,3,10.0,87,6.0,30.08,1086
5,4,7,0.367346939,61,20,8.1,4,10.0,90,0.0,30.08,2094
5,4,10,0.151260504,61,20,8.1,4,8.0,84,6.0,30.06,16610
5,4,13,0.06482593,61,20,8.1,4,10.0,66,13.0,30.04,16895
5,4,16,0.280912365,61,20,8.1,3,10.0,73,16.0,30.03,3131
5,4,19,0.4969988,61,20,8.1,3,9.0,90,11.0,30.01,404
5,5,7,0.366467066,64,23,7.3,4,9.0,90,7.0,30.06,983
5,5,10,0.150898204,64,23,7.3,4,10.0,87,0.0,30.09,10119
5,5,13,0.064670659,64,23,7.3,3,10.0,68,11.0,30.08,20567
5,5,16,0.280239521,64,23,7.3,3,10.0,64,10.0,30.06,9848
5,5,19,0.495808383,64,23,7.3,3,10.0,75,6.0,30.07,2021
5,6,7,0.365591398,64,28,10.1,3,10.0,90,5.0,30.14,6188
5,6,10,0.150537634,64,28,10.1,4,10.0,84,3.0,30.16,19992
5,6,13,0.064516129,64,28,10.1,3,10.0,68,11.0,30.14,17727
5,6,16,0.279569892,64,28,10.1,3,10.0,71,16.0,30.12,9661
5,6,19,0.494623656,64,28,10.1,3,10.0,90,14.0,30.13,907
5,7,7,0.364719905,59,27,16.8,1,9.0,90,7.0,30.17,8421
5,7,10,0.150178784,59,27,16.8,1,10.0,65,5.0,30.16,30054
5,7,13,0.0643623359999999,59,27,16.8,1,10.0,51,22.0,30.15,34480
5,7,16,0.278903456,59,27,16.8,1,10.0,52,26.0,30.09,19576
5,7,19,0.4934445770000001,59,27,16.8,1,10.0,69,26.0,30.07,1214
5,8,7,0.363852556,61,28,15.3,0,10.0,72,0.0,30.03,8482
5,8,10,0.149821641,61,28,15.3,0,10.0,54,14.0,30.03,29577
5,8,13,0.064209275,61,28,15.3,0,10.0,54,23.0,30.01,33944
5,8,16,0.27824019,61,28,15.3,1,10.0,58,25.0,29.95,19863
5,8,19,0.492271106,61,28,15.3,1,10.0,69,25.0,29.93,1151
5,9,7,0.362989324,58,28,16.8,1,8.0,77,9.0,29.97,8318
5,9,10,0.149466192,58,28,16.8,1,10.0,60,15.0,29.98,29580
5,9,13,0.06405694,58,28,16.8,2,10.0,58,20.0,29.97,34329
5,9,16,0.277580071,58,28,16.8,2,9.0,60,30.0,29.97,19505
5,9,19,0.491103203,58,28,16.8,3,9.0,75,24.0,29.96,1229
5,10,7,0.362130178,58,28,15.8,2,10.0,75,0.0,29.97,8263
5,10,10,0.149112426,58,28,15.8,2,10.0,59,16.0,29.98,29303
5,10,13,0.063905325,58,28,15.8,2,10.0,54,21.0,29.96,33627
5,10,16,0.276923077,58,28,15.8,1,10.0,58,31.0,29.94,19748
5,10,19,0.489940828,58,28,15.8,2,10.0,51,22.0,29.93,1182
5,11,7,0.361275089,57,27,23.5,2,10.0,77,14.0,30.01,7837
5,11,10,0.148760331,57,27,23.5,3,10.0,65,21.0,30.01,28418
5,11,13,0.063754427,57,27,23.5,1,10.0,60,31.0,30.01,34252
5,11,16,0.276269185,57,27,23.5,1,10.0,70,36.0,30.0,20301
5,11,19,0.488783943,57,27,23.5,3,10.0,86,28.0,30.0,1288
5,12,7,0.360849057,56,27,19.0,2,10.0,80,14.0,30.06,8669
5,12,10,0.148584906,56,27,19.0,1,10.0,56,15.0,30.07,29737
5,12,13,0.063679245,56,27,19.0,2,10.0,48,23.0,30.06,34324
5,12,16,0.275943396,56,27,19.0,2,10.0,50,30.0,30.01,20073
5,12,19,0.488207547,56,27,19.0,2,10.0,62,25.0,30.02,1278
5,13,7,0.36,58,27,16.6,3,10.0,49,0.0,30.04,8004
5,13,10,0.148235294,58,27,16.6,3,10.0,50,13.0,30.06,29472
5,13,13,0.063529412,58,27,16.6,3,10.0,40,24.0,30.07,31009
5,13,16,0.275294118,58,27,16.6,3,10.0,43,28.0,30.08,19335
5,13,19,0.487058824,58,27,16.6,3,10.0,48,18.0,30.06,1258
5,14,7,0.35915493,60,27,21.5,4,4.0,90,21.0,30.09,7791
5,14,10,0.147887324,60,27,21.5,2,10.0,72,16.0,30.08,28562
5,14,13,0.063380282,60,27,21.5,2,10.0,65,28.0,30.07,32864
5,14,16,0.274647887,60,27,21.5,2,10.0,68,33.0,30.02,19321
5,14,19,0.485915493,60,27,21.5,4,6.0,90,28.0,30.0,1334
5,15,7,0.35873388,58,29,12.9,3,10.0,86,5.0,29.98,5768
5,15,10,0.147713951,58,29,12.9,1,10.0,70,14.0,29.96,29303
5,15,13,0.063305979,58,29,12.9,2,10.0,65,23.0,29.93,33434
5,15,16,0.274325909,58,29,12.9,2,10.0,65,24.0,29.89,19868
5,15,19,0.485345838,58,29,12.9,1,10.0,80,18.0,29.88,1344
5,16,7,0.357894737,71,30,6.4,1,10.0,73,0.0,29.88,8425
5,16,10,0.147368421,71,30,6.4,0,10.0,70,3.0,29.89,28144
5,16,13,0.063157895,71,30,6.4,0,10.0,58,3.0,29.86,31322
5,16,16,0.273684211,71,30,6.4,1,10.0,31,14.0,29.85,18939
5,16,19,0.484210526,71,30,6.4,0,10.0,40,18.0,29.85,1305
5,17,7,0.35705951,74,30,9.0,0,10.0,70,0.0,29.89,8363
5,17,10,0.147024504,74,30,9.0,0,10.0,58,3.0,29.89,27752
5,17,13,0.063010502,74,30,9.0,1,10.0,26,15.0,29.87,32018
5,17,16,0.273045508,74,30,9.0,1,10.0,50,22.0,29.87,19428
5,17,19,0.483080513,74,30,9.0,2,10.0,65,18.0,29.88,1356
5,18,7,0.356228172,59,29,15.6,3,10.0,90,15.0,29.88,2927
5,18,10,0.146682189,59,29,15.6,2,10.0,72,18.0,29.9,19620
5,18,13,0.062863795,59,29,15.6,3,10.0,63,15.0,29.9,25514
5,18,16,0.272409779,59,29,15.6,2,10.0,65,17.0,29.88,14852
5,18,19,0.481955763,59,29,15.6,3,10.0,83,20.0,29.91,1378
5,19,7,0.356228172,59,28,14.4,3,10.0,80,11.0,29.97,1205
5,19,10,0.146682189,59,28,14.4,2,10.0,67,15.0,29.97,24743
5,19,13,0.062863795,59,28,14.4,1,10.0,63,23.0,29.95,34177
5,19,16,0.272409779,59,28,14.4,1,10.0,60,32.0,29.94,20278
5,19,19,0.481955763,59,28,14.4,1,10.0,72,9.0,29.93,1380
5,20,7,0.355400697,57,27,12.3,3,10.0,74,9.0,29.97,8628
5,20,10,0.146341463,57,27,12.3,2,10.0,56,11.0,29.97,30910
5,20,13,0.06271777,57,27,12.3,2,10.0,52,16.0,29.95,35282
5,20,16,0.271777003,57,27,12.3,2,10.0,56,17.0,29.92,20973
5,20,19,0.4808362370000001,57,27,12.3,2,10.0,75,11.0,29.91,1469
5,21,7,0.354577057,57,30,10.4,1,10.0,77,0.0,29.92,8289
5,21,10,0.146002317,57,30,10.4,2,10.0,70,5.0,29.93,29847
5,21,13,0.062572422,57,30,10.4,2,10.0,56,16.0,29.9,35743
5,21,16,0.271147161,57,30,10.4,2,10.0,60,18.0,29.88,21118
5,21,19,0.4797219,57,30,10.4,2,9.0,83,20.0,29.89,1514
5,22,7,0.353757225,59,27,10.2,3,10.0,77,0.0,29.9,1506
5,22,10,0.14566474,59,27,10.2,1,10.0,67,7.0,29.91,19578
5,22,13,0.062427746,59,27,10.2,1,10.0,54,21.0,29.89,35635
5,22,16,0.270520231,59,27,10.2,2,10.0,65,24.0,29.89,21473
5,22,19,0.478612717,59,27,10.2,4,8.0,83,14.0,29.92,1561
5,23,7,0.354503464,53,24,12.7,4,10.0,83,9.0,29.96,560
5,23,10,0.14665127,53,24,12.7,4,9.0,80,11.0,29.98,5451
5,23,13,0.061200924,53,24,12.7,4,9.0,69,17.0,29.97,12583
5,23,16,0.269053118,53,24,12.7,4,8.0,77,18.0,29.96,6302
5,23,19,0.476905312,53,24,12.7,4,8.0,83,11.0,29.97,524
5,24,7,0.354094579,52,25,13.0,4,9.0,86,11.0,30.0,567
5,24,10,0.146482122,52,25,13.0,4,10.0,83,13.0,30.03,5246
5,24,13,0.061130334,52,25,13.0,4,10.0,77,17.0,30.02,11356
5,24,16,0.268742791,52,25,13.0,4,9.0,77,18.0,29.99,9909
5,24,19,0.476355248,52,25,13.0,4,8.0,83,14.0,29.99,383
5,25,7,0.353686636,56,28,10.6,4,10.0,80,8.0,29.98,2232
5,25,10,0.146313364,56,28,10.6,1,10.0,70,9.0,29.96,26571
5,25,13,0.061059908,56,28,10.6,1,10.0,63,20.0,29.92,34780
5,25,16,0.26843318,56,28,10.6,1,10.0,62,16.0,29.89,20874
5,25,19,0.4758064520000001,56,28,10.6,1,10.0,80,10.0,29.89,1576
5,26,7,0.3528735629999999,60,30,10.5,1,9.0,78,3.0,29.9,8511
5,26,10,0.145977011,60,30,10.5,1,10.0,59,9.0,29.91,29040
5,26,13,0.06091954,60,30,10.5,1,10.0,49,20.0,29.88,33746
5,26,16,0.267816092,60,30,10.5,2,10.0,51,18.0,29.84,19945
5,26,19,0.474712644,60,30,10.5,1,10.0,70,20.0,29.84,1499
5,27,10,0.145809414,60,30,11.4,1,9.0,68,8.0,29.89,15867
5,27,13,0.060849598,60,30,11.4,1,9.0,63,17.0,29.86,34371
5,27,16,0.267508611,60,30,11.4,1,10.0,65,22.0,29.83,20644
5,27,19,0.474167623,60,30,11.4,2,10.0,80,11.0,29.85,1526
5,28,7,0.35206422,61,31,8.0,4,9.0,83,0.0,29.91,1338
5,28,10,0.145642202,61,31,8.0,1,9.0,75,7.0,29.92,10103
5,28,13,0.060779817,61,31,8.0,1,10.0,63,6.0,29.89,24689
5,28,16,0.267201835,61,31,8.0,2,10.0,65,16.0,29.88,13726
5,28,19,0.473623853,61,31,8.0,2,9.0,80,14.0,29.9,869
5,29,7,0.351660939,62,30,7.2,1,10.0,80,0.0,29.98,1778
5,29,10,0.145475372,62,30,7.2,1,10.0,70,8.0,30.0,19005
5,29,13,0.060710195,62,30,7.2,1,10.0,61,7.0,29.97,31390
5,29,16,0.266895762,62,30,7.2,3,10.0,55,14.0,29.96,20067
5,29,19,0.473081329,62,30,7.2,3,10.0,67,9.0,29.97,457
5,30,7,0.350857143,61,26,11.2,4,10.0,80,6.0,30.02,719
5,30,10,0.145142857,61,26,11.2,4,10.0,67,7.0,30.02,10183
5,30,13,0.060571429,61,26,11.2,2,10.0,59,16.0,29.98,28028
5,30,16,0.266285714,61,26,11.2,2,10.0,63,18.0,29.97,20724
5,30,19,0.472,61,26,11.2,2,9.0,80,14.0,29.97,2396
5,31,7,0.350456621,58,27,11.8,4,10.0,83,7.0,30.0,785
5,31,10,0.144977169,58,27,11.8,4,10.0,80,7.0,30.01,7998
5,31,13,0.060502283,58,27,11.8,3,10.0,65,14.0,29.95,16263
5,31,16,0.265981735,58,27,11.8,3,10.0,70,18.0,29.92,20566
5,31,19,0.471461187,58,27,11.8,3,9.0,80,13.0,29.93,1894
6,1,7,0.351197263,59,27,10.9,4,9.0,83,11.0,29.93,464
6,1,10,0.145952109,59,27,10.9,3,9.0,70,14.0,29.93,6125
6,1,13,0.059293044,59,27,10.9,3,10.0,68,15.0,29.93,18736
6,1,16,0.264538198,59,27,10.9,3,10.0,70,13.0,29.91,13171
6,1,19,0.469783352,59,27,10.9,3,10.0,83,11.0,29.92,339
6,2,7,0.350797267,60,28,12.2,3,9.0,86,11.0,29.93,1148
6,2,10,0.1457858769999999,60,28,12.2,3,10.0,72,18.0,29.95,9344
6,2,13,0.059225513,60,28,12.2,3,10.0,63,17.0,29.94,33753
6,2,16,0.264236902,60,28,12.2,3,10.0,65,20.0,29.91,17287
6,2,19,0.469248292,60,28,12.2,2,10.0,72,11.0,29.91,1693
6,3,7,0.350797267,61,28,12.9,3,10.0,78,9.0,29.9,3419
6,3,10,0.1457858769999999,61,28,12.9,3,10.0,54,14.0,29.9,24872
6,3,13,0.059225513,61,28,12.9,2,10.0,56,17.0,29.91,34140
6,3,16,0.264236902,61,28,12.9,2,10.0,51,18.0,29.88,20355
6,3,19,0.469248292,61,28,12.9,3,10.0,75,20.0,29.89,1992
6,4,7,0.35,62,27,8.6,4,10.0,72,10.0,29.98,204
6,4,10,0.145454545,62,27,8.6,3,10.0,60,6.0,29.98,17306
6,4,13,0.059090909,62,27,8.6,3,10.0,56,13.0,29.96,29287
6,4,16,0.263636364,62,27,8.6,3,10.0,54,15.0,29.92,18577
6,4,19,0.468181818,62,27,8.6,3,10.0,72,13.0,29.94,1734
6,5,7,0.349602724,64,26,8.0,2,10.0,72,3.0,29.9,7123
6,5,10,0.145289444,64,26,8.0,3,10.0,67,7.0,29.94,18124
6,5,13,0.059023837,64,26,8.0,3,10.0,51,14.0,29.95,33393
6,5,16,0.263337117,64,26,8.0,3,10.0,55,10.0,29.94,21052
6,5,19,0.4676503970000001,64,26,8.0,2,10.0,72,11.0,29.95,1731
6,6,7,0.349602724,62,28,10.6,3,10.0,78,8.0,29.95,6887
6,6,10,0.145289444,62,28,10.6,3,10.0,63,14.0,29.96,30094
6,6,13,0.059023837,62,28,10.6,2,10.0,55,14.0,29.95,35474
6,6,16,0.263337117,62,28,10.6,2,10.0,59,18.0,29.94,20959
6,6,19,0.4676503970000001,62,28,10.6,2,10.0,65,16.0,29.95,1672
6,7,7,0.350340136,63,27,16.0,2,10.0,67,16.0,29.97,2729
6,7,10,0.146258503,63,27,16.0,2,10.0,61,17.0,29.98,29291
6,7,13,0.057823129,63,27,16.0,1,10.0,55,21.0,29.96,34710
6,7,16,0.261904762,63,27,16.0,2,10.0,53,24.0,29.94,21273
6,7,19,0.465986395,63,27,16.0,1,10.0,72,16.0,29.9,1748
6,8,7,0.350340136,61,26,14.2,4,10.0,69,15.0,29.9,2755
6,8,10,0.146258503,61,26,14.2,3,10.0,62,14.0,29.92,21473
6,8,13,0.057823129,61,26,14.2,2,10.0,58,18.0,29.9,36368
6,8,16,0.261904762,61,26,14.2,3,10.0,67,18.0,29.88,22558
6,8,19,0.465986395,61,26,14.2,3,10.0,70,13.0,29.87,1922
6,9,7,0.349547511,62,26,11.2,4,10.0,87,8.0,29.91,2579
6,9,10,0.145927602,62,26,11.2,4,10.0,70,13.0,29.93,11212
6,9,13,0.057692308,62,26,11.2,3,10.0,65,14.0,29.93,29746
6,9,16,0.261312217,62,26,11.2,3,10.0,61,16.0,29.92,13720
6,9,19,0.464932127,62,26,11.2,4,10.0,81,9.0,29.93,317
6,10,7,0.349547511,62,26,10.5,4,10.0,90,7.0,29.95,6294
6,10,10,0.145927602,62,26,10.5,4,8.0,73,14.0,29.96,11037
6,10,13,0.057692308,62,26,10.5,4,10.0,63,9.0,29.97,25956
6,10,16,0.261312217,62,26,10.5,3,10.0,61,13.0,29.95,19602
6,10,19,0.464932127,62,26,10.5,4,10.0,72,14.0,29.96,1858
6,11,7,0.349152542,63,26,16.3,4,10.0,81,16.0,29.96,1755
6,11,10,0.145762712,63,26,16.3,4,9.0,70,14.0,29.99,10910
6,11,13,0.057627119,63,26,16.3,2,10.0,57,25.0,29.98,33064
6,11,16,0.261016949,63,26,16.3,2,10.0,57,22.0,29.95,21537
6,11,19,0.46440678,63,26,16.3,3,10.0,75,21.0,29.95,1956
6,12,7,0.350282486,62,26,14.0,4,10.0,75,10.0,29.94,4016
6,12,10,0.146892655,62,26,14.0,4,10.0,75,14.0,29.96,17168
6,12,13,0.056497175,62,26,14.0,3,10.0,59,20.0,29.95,29393
6,12,16,0.259887006,62,26,14.0,4,10.0,65,14.0,29.93,17765
6,12,19,0.463276836,62,26,14.0,3,10.0,72,14.0,29.92,1888
6,13,7,0.349887133,64,26,10.1,4,10.0,81,8.0,29.96,3574
6,13,10,0.146726862,64,26,10.1,4,10.0,65,8.0,29.98,20529
6,13,13,0.056433409,64,26,10.1,3,10.0,55,16.0,29.98,32263
6,13,16,0.259593679,64,26,10.1,2,10.0,57,15.0,29.96,21543
6,13,19,0.46275395,64,26,10.1,2,10.0,70,13.0,29.97,1894
6,14,7,0.349887133,64,26,9.6,3,10.0,70,7.0,29.97,5766
6,14,10,0.146726862,64,26,9.6,3,10.0,56,11.0,29.99,27487
6,14,13,0.056433409,64,26,9.6,2,10.0,47,14.0,29.98,35153
6,14,16,0.259593679,64,26,9.6,3,10.0,53,14.0,29.95,20955
6,14,19,0.46275395,64,26,9.6,2,10.0,65,11.0,29.95,2356
6,15,7,0.349887133,62,27,11.2,4,10.0,70,8.0,29.95,4724
6,15,10,0.146726862,62,27,11.2,4,10.0,67,11.0,29.95,20343
6,15,13,0.056433409,62,27,11.2,3,10.0,63,15.0,29.95,20905
6,15,16,0.259593679,62,27,11.2,3,10.0,63,18.0,29.94,21711
6,15,19,0.46275395,62,27,11.2,3,10.0,70,15.0,29.93,3010
6,16,7,0.3506200679999999,61,27,15.0,4,9.0,84,14.0,29.92,1653
6,16,10,0.147688839,61,27,15.0,4,9.0,78,8.0,29.93,17545
6,16,13,0.05524239,61,27,15.0,3,10.0,68,20.0,29.92,28838
6,16,16,0.258173619,61,27,15.0,3,10.0,73,20.0,29.92,16318
6,16,19,0.461104848,61,27,15.0,4,10.0,84,20.0,29.92,2179
6,17,7,0.3506200679999999,62,26,14.0,4,10.0,84,11.0,29.94,940
6,17,10,0.147688839,62,26,14.0,4,10.0,81,14.0,29.96,10068
6,17,13,0.05524239,62,26,14.0,3,10.0,70,17.0,29.95,30530
6,17,16,0.258173619,62,26,14.0,3,10.0,70,20.0,29.91,21210
6,17,19,0.461104848,62,26,14.0,3,10.0,81,15.0,29.88,1986
6,18,7,0.351015801,66,29,11.0,1,10.0,78,5.0,29.87,8499
6,18,10,0.14785553,66,29,11.0,1,10.0,73,5.0,29.86,28574
6,18,13,0.05530474,66,29,11.0,1,10.0,54,21.0,29.84,33454
6,18,16,0.258465011,66,29,11.0,1,10.0,63,24.0,29.81,21182
6,18,19,0.461625282,66,29,11.0,1,10.0,72,16.0,29.79,1931
6,19,7,0.3506200679999999,63,27,23.3,1,10.0,75,8.0,29.77,8805
6,19,10,0.147688839,63,27,23.3,2,10.0,63,21.0,29.77,28536
6,19,13,0.05524239,63,27,23.3,3,10.0,65,33.0,29.75,26470
6,19,16,0.258173619,63,27,23.3,2,10.0,65,36.0,29.73,21306
6,19,19,0.461104848,63,27,23.3,1,10.0,70,32.0,29.71,2016
6,20,7,0.3506200679999999,59,26,18.8,2,8.0,75,6.0,29.75,7747
6,20,10,0.147688839,59,26,18.8,2,10.0,65,11.0,29.76,29088
6,20,13,0.05524239,59,26,18.8,3,10.0,63,20.0,29.79,32083
6,20,16,0.258173619,59,26,18.8,2,10.0,65,29.0,29.78,20057
6,20,19,0.461104848,59,26,18.8,2,10.0,72,9.0,29.77,2016
6,21,7,0.351747463,61,28,15.4,1,10.0,70,10.0,29.87,8741
6,21,10,0.148816234,61,28,15.4,1,10.0,56,5.0,29.89,29346
6,21,13,0.054114994,61,28,15.4,1,10.0,52,22.0,29.9,34592
6,21,16,0.257046223,61,28,15.4,1,10.0,58,22.0,29.88,21607
6,21,19,0.459977452,61,28,15.4,1,10.0,67,20.0,29.87,1971
6,22,7,0.351747463,67,29,10.7,0,10.0,72,0.0,29.84,8824
6,22,10,0.148816234,67,29,10.7,0,10.0,70,5.0,29.83,29010
6,22,13,0.054114994,67,29,10.7,0,10.0,31,17.0,29.8,33697
6,22,16,0.257046223,67,29,10.7,0,10.0,42,24.0,29.77,21260
6,22,19,0.459977452,67,29,10.7,0,10.0,65,18.0,29.73,2009
6,23,7,0.35214447,66,30,11.5,0,9.0,72,6.0,29.73,8555
6,23,10,0.148984199,66,30,11.5,0,10.0,65,5.0,29.73,28488
6,23,13,0.054176072,66,30,11.5,0,10.0,43,14.0,29.72,33111
6,23,16,0.257336343,66,30,11.5,1,10.0,55,22.0,29.72,20969
6,23,19,0.460496614,66,30,11.5,1,10.0,70,17.0,29.73,1990
6,24,7,0.351747463,63,32,7.9,1,10.0,78,3.0,29.83,1983
6,24,10,0.148816234,63,32,7.9,1,10.0,73,6.0,29.87,25265
6,24,13,0.054114994,63,32,7.9,0,10.0,68,10.0,29.88,35033
6,24,16,0.257046223,63,32,7.9,0,10.0,59,6.0,29.85,18600
6,24,19,0.459977452,63,32,7.9,1,10.0,70,8.0,29.87,1060
6,25,7,0.351747463,65,26,8.6,1,10.0,72,3.0,29.94,2539
6,25,10,0.148816234,65,26,8.6,1,10.0,70,8.0,29.93,22145
6,25,13,0.054114994,65,26,8.6,1,10.0,51,5.0,29.91,33481
6,25,16,0.257046223,65,26,8.6,2,10.0,51,18.0,29.91,22023
6,25,19,0.459977452,65,26,8.6,2,10.0,72,16.0,29.91,1886
6,26,13,0.053047404,63,29,9.8,1,10.0,61,9.0,29.91,2668
6,26,16,0.256207675,63,29,9.8,1,10.0,57,16.0,29.87,21718
6,26,19,0.459367946,63,29,9.8,2,10.0,67,13.0,29.87,2086
6,27,7,0.353273138,70,30,9.7,1,10.0,75,0.0,29.91,8376
6,27,10,0.1501128669999999,70,30,9.7,0,9.0,71,3.0,29.92,27771
6,27,13,0.053047404,70,30,9.7,0,10.0,43,10.0,29.89,32483
6,27,16,0.256207675,70,30,9.7,0,10.0,34,21.0,29.86,20505
6,27,19,0.459367946,70,30,9.7,0,10.0,43,17.0,29.85,1950
6,28,7,0.353273138,70,30,11.6,0,10.0,68,0.0,29.87,8112
6,28,10,0.1501128669999999,70,30,11.6,0,10.0,56,6.0,29.87,27692
6,28,13,0.053047404,70,30,11.6,1,10.0,48,20.0,29.84,32832
6,28,16,0.256207675,70,30,11.6,1,10.0,50,23.0,29.8,20767
6,28,19,0.459367946,70,30,11.6,1,9.0,70,15.0,29.78,1996
6,29,7,0.353672316,62,30,13.3,1,9.0,84,11.0,29.82,8254
6,29,10,0.150282486,62,30,13.3,1,10.0,70,15.0,29.82,29225
6,29,13,0.053107345,62,30,13.3,1,9.0,61,20.0,29.8,34434
6,29,16,0.256497175,62,30,13.3,1,8.0,61,18.0,29.77,21417
6,29,19,0.459887006,62,30,13.3,1,10.0,72,14.0,29.78,2070
6,30,7,0.35480226,65,32,8.1,1,10.0,75,0.0,29.81,1645
6,30,10,0.151412429,65,32,8.1,1,10.0,73,7.0,29.82,18567
6,30,13,0.051977401,65,32,8.1,1,10.0,62,8.0,29.81,34320
6,30,16,0.255367232,65,32,8.1,2,10.0,59,15.0,29.77,22350
6,30,19,0.4587570620000001,65,32,8.1,1,10.0,70,10.0,29.78,2137
7,1,7,0.35520362,65,31,8.6,4,10.0,75,3.0,29.84,1748
7,1,10,0.15158371,65,31,8.6,1,10.0,70,5.0,29.84,15670
7,1,13,0.052036199,65,31,8.6,1,10.0,55,8.0,29.83,35405
7,1,16,0.255656109,65,31,8.6,1,10.0,55,15.0,29.8,21784
7,1,19,0.459276018,65,31,8.6,1,10.0,75,16.0,29.81,2106
7,2,7,0.355605889,64,29,12.3,4,10.0,75,0.0,29.87,2399
7,2,10,0.151755379,64,29,12.3,1,10.0,68,10.0,29.88,22313
7,2,13,0.05209513,64,29,12.3,1,10.0,57,17.0,29.87,34373
7,2,16,0.25594564,64,29,12.3,1,10.0,59,21.0,29.86,21804
7,2,19,0.459796149,64,29,12.3,1,10.0,75,18.0,29.88,1953
7,3,7,0.35600907,61,29,14.4,4,9.0,81,9.0,29.94,2670
7,3,10,0.151927438,61,29,14.4,1,10.0,65,14.0,29.96,27457
7,3,13,0.052154195,61,29,14.4,1,10.0,59,20.0,29.95,34647
7,3,16,0.256235828,61,29,14.4,2,10.0,63,23.0,29.94,21996
7,3,19,0.46031746,61,29,14.4,1,10.0,80,20.0,29.95,2118
7,4,7,0.35600907,64,27,11.0,3,10.0,78,0.0,30.0,1643
7,4,10,0.151927438,64,27,11.0,1,10.0,63,7.0,30.01,18585
7,4,13,0.052154195,64,27,11.0,1,10.0,55,21.0,29.99,34902
7,4,16,0.256235828,64,27,11.0,1,10.0,57,17.0,29.97,21778
7,4,19,0.46031746,64,27,11.0,1,10.0,70,14.0,29.97,2075
7,5,7,0.356413167,61,27,15.1,4,10.0,80,10.0,30.01,1093
7,5,10,0.152099886,61,27,15.1,2,10.0,70,17.0,30.02,10324
7,5,13,0.052213394,61,27,15.1,3,10.0,72,18.0,30.03,29059
7,5,16,0.256526674,61,27,15.1,1,10.0,63,21.0,30.02,21963
7,5,19,0.460839955,61,27,15.1,3,10.0,72,22.0,30.03,2095
7,6,7,0.357548241,62,27,15.8,2,10.0,70,13.0,30.04,7462
7,6,10,0.15323496,62,27,15.8,1,10.0,56,17.0,30.05,29899
7,6,13,0.05107832,62,27,15.8,0,10.0,51,22.0,30.03,35486
7,6,16,0.2553916,62,27,15.8,1,10.0,56,22.0,30.0,22253
7,6,19,0.459704881,62,27,15.8,1,10.0,72,18.0,29.97,2065
7,7,7,0.358361775,62,27,12.9,1,10.0,78,0.0,29.94,2844
7,7,10,0.153583618,62,27,12.9,1,10.0,65,18.0,29.96,21133
7,7,13,0.051194539,62,27,12.9,2,10.0,65,22.0,29.97,29027
7,7,16,0.255972696,62,27,12.9,2,10.0,63,18.0,29.93,22350
7,7,19,0.460750853,62,27,12.9,1,10.0,67,13.0,29.91,2045
7,8,7,0.358361775,64,28,17.7,1,10.0,72,13.0,29.95,8087
7,8,10,0.153583618,64,28,17.7,1,10.0,53,11.0,29.95,28523
7,8,13,0.051194539,64,28,17.7,0,10.0,55,24.0,29.96,33563
7,8,16,0.255972696,64,28,17.7,1,10.0,53,29.0,29.91,21125
7,8,19,0.460750853,64,28,17.7,2,10.0,70,17.0,29.91,1980
7,9,7,0.358769932,60,26,14.7,3,10.0,83,8.0,29.98,6537
7,9,10,0.153758542,60,26,14.7,3,10.0,75,16.0,30.01,29343
7,9,13,0.051252847,60,26,14.7,1,10.0,59,24.0,29.99,34620
7,9,16,0.256264237,60,26,14.7,1,10.0,59,17.0,29.96,21575
7,9,19,0.461275626,60,26,14.7,1,10.0,72,14.0,29.97,2026
7,10,7,0.359589041,61,28,14.6,1,10.0,75,10.0,29.99,2162
7,10,10,0.154109589,61,28,14.6,2,10.0,65,15.0,30.01,27381
7,10,13,0.051369863,61,28,14.6,3,10.0,65,21.0,30.01,32108
7,10,16,0.256849315,61,28,14.6,2,10.0,63,21.0,29.98,20796
7,10,19,0.462328767,61,28,14.6,2,10.0,75,20.0,29.96,1995
7,11,7,0.359589041,62,28,13.3,3,10.0,83,7.0,30.0,1846
7,11,10,0.154109589,62,28,13.3,3,10.0,68,13.0,30.02,22926
7,11,13,0.051369863,62,28,13.3,3,10.0,53,18.0,30.02,30448
7,11,16,0.256849315,62,28,13.3,4,10.0,65,23.0,30.01,14217
7,11,19,0.462328767,62,28,13.3,3,10.0,81,11.0,30.0,1398
7,12,7,0.36,62,28,16.1,3,10.0,93,11.0,30.05,6342
7,12,10,0.154285714,62,28,16.1,2,10.0,65,14.0,30.07,28764
7,12,13,0.051428571,62,28,16.1,2,10.0,55,20.0,30.07,33909
7,12,16,0.257142857,62,28,16.1,2,10.0,53,28.0,30.05,21038
7,12,19,0.462857143,62,28,16.1,2,10.0,67,23.0,30.04,2011
7,13,7,0.361970218,70,28,10.6,1,10.0,70,0.0,30.03,8059
7,13,10,0.155784651,70,28,10.6,0,10.0,63,3.0,30.01,28056
7,13,13,0.050400916,70,28,10.6,0,10.0,28,13.0,29.95,32729
7,13,16,0.256586483,70,28,10.6,0,10.0,34,23.0,29.91,20746
7,13,19,0.46277205,70,28,10.6,0,10.0,54,24.0,29.88,1753
7,14,7,0.361970218,73,30,10.4,1,10.0,63,0.0,29.86,7896
7,14,10,0.155784651,73,30,10.4,0,10.0,64,5.0,29.86,27500
7,14,13,0.050400916,73,30,10.4,0,10.0,33,13.0,29.83,32195
7,14,16,0.256586483,73,30,10.4,0,10.0,43,22.0,29.81,20315
7,14,19,0.46277205,73,30,10.4,1,10.0,68,18.0,29.82,1952
7,15,7,0.362801378,62,30,14.7,1,10.0,84,10.0,29.93,2734
7,15,10,0.156142365,62,30,14.7,1,10.0,63,14.0,29.96,20080
7,15,13,0.050516648,62,30,14.7,1,10.0,59,18.0,29.96,34591
7,15,16,0.25717566,62,30,14.7,1,10.0,68,23.0,29.94,21875
7,15,19,0.463834673,62,30,14.7,1,10.0,83,18.0,29.96,2232
7,16,7,0.363218391,60,30,13.0,1,10.0,90,8.0,30.04,1861
7,16,10,0.156321839,60,30,13.0,1,10.0,73,13.0,30.05,26433
7,16,13,0.050574713,60,30,13.0,1,10.0,59,16.0,30.03,33639
7,16,16,0.257471264,60,30,13.0,1,10.0,61,18.0,29.98,21208
7,16,19,0.464367816,60,30,13.0,1,10.0,83,20.0,29.99,1992
7,17,7,0.3640553,62,30,13.7,1,10.0,83,6.0,30.03,5203
7,17,10,0.156682028,62,30,13.7,1,10.0,68,8.0,30.02,28196
7,17,13,0.050691244,62,30,13.7,1,10.0,57,17.0,29.98,32608
7,17,16,0.258064516,62,30,13.7,2,10.0,63,21.0,29.93,20628
7,17,19,0.465437788,62,30,13.7,1,10.0,78,18.0,29.95,1829
7,18,7,0.3644752020000001,64,30,13.0,1,10.0,81,6.0,29.94,4180
7,18,10,0.156862745,64,30,13.0,2,10.0,59,8.0,29.94,28174
7,18,13,0.050749712,64,30,13.0,3,10.0,53,16.0,29.91,34224
7,18,16,0.258362168,64,30,13.0,3,10.0,70,23.0,29.9,18452
7,18,19,0.465974625,64,30,13.0,2,10.0,84,18.0,29.89,1810
7,19,7,0.364896074,64,30,13.1,2,10.0,84,8.0,29.91,6677
7,19,10,0.15704388,64,30,13.1,1,10.0,68,7.0,29.91,27571
7,19,13,0.050808314,64,30,13.1,1,10.0,51,16.0,29.88,32484
7,19,16,0.258660508,64,30,13.1,1,10.0,61,22.0,29.85,20623
7,19,19,0.4665127020000001,64,30,13.1,1,9.0,81,16.0,29.87,1833
7,20,7,0.365740741,61,28,14.6,1,8.0,87,13.0,29.96,1553
7,20,10,0.157407407,61,28,14.6,1,10.0,72,17.0,30.0,10820
7,20,13,0.050925926,61,28,14.6,1,10.0,65,18.0,30.0,34718
7,20,16,0.259259259,61,28,14.6,1,10.0,70,26.0,29.97,21487
7,20,19,0.467592593,61,28,14.6,2,10.0,83,15.0,29.96,1893
7,21,7,0.366589327,59,27,16.1,4,9.0,90,17.0,30.0,692
7,21,10,0.157772622,59,27,16.1,3,10.0,81,14.0,30.02,12441
7,21,13,0.051044084,59,27,16.1,3,10.0,73,23.0,30.02,32812
7,21,16,0.259860789,59,27,16.1,2,10.0,72,22.0,29.98,21404
7,21,19,0.468677494,59,27,16.1,3,10.0,87,17.0,29.96,1844
7,22,7,0.366589327,59,27,13.7,4,10.0,90,8.0,29.97,987
7,22,10,0.157772622,59,27,13.7,3,10.0,78,16.0,29.98,13735
7,22,13,0.051044084,59,27,13.7,3,10.0,72,17.0,29.96,34957
7,22,16,0.259860789,59,27,13.7,2,10.0,70,17.0,29.92,20826
7,22,19,0.468677494,59,27,13.7,3,10.0,83,16.0,29.9,1837
7,23,7,0.36744186,60,26,13.6,3,10.0,86,8.0,29.92,1107
7,23,10,0.158139535,60,26,13.6,1,10.0,67,14.0,29.92,17409
7,23,13,0.051162791,60,26,13.6,1,10.0,61,18.0,29.91,34682
7,23,16,0.260465116,60,26,13.6,2,10.0,70,20.0,29.89,21170
7,23,19,0.469767442,60,26,13.6,4,9.0,83,15.0,29.9,840
7,24,7,0.368298368,59,26,13.1,4,10.0,83,9.0,29.96,1367
7,24,10,0.158508159,59,26,13.1,4,10.0,78,10.0,29.97,9148
7,24,13,0.051282051,59,26,13.1,1,10.0,61,18.0,29.96,33470
7,24,16,0.261072261,59,26,13.1,1,10.0,68,22.0,29.94,19317
7,24,19,0.470862471,59,26,13.1,4,10.0,81,15.0,29.95,1149
7,25,7,0.369158879,60,29,15.0,3,10.0,86,9.0,29.98,1343
7,25,10,0.158878505,60,29,15.0,1,10.0,70,14.0,29.99,21787
7,25,13,0.051401869,60,29,15.0,1,10.0,63,20.0,29.96,34459
7,25,16,0.261682243,60,29,15.0,2,10.0,70,26.0,29.94,21451
7,25,19,0.471962617,60,29,15.0,1,9.0,86,20.0,29.94,1985
7,26,7,0.369590643,63,30,13.0,4,10.0,87,0.0,30.03,1683
7,26,10,0.159064327,63,30,13.0,1,10.0,70,6.0,30.01,27417
7,26,13,0.051461988,63,30,13.0,1,10.0,53,13.0,29.96,33306
7,26,16,0.261988304,63,30,13.0,2,10.0,65,24.0,29.93,21065
7,26,19,0.47251462,63,30,13.0,2,10.0,83,22.0,29.94,1714
7,27,7,0.370023419,61,29,14.2,4,9.0,90,8.0,29.97,620
7,27,13,0.051522248,61,29,14.2,1,10.0,59,14.0,29.9,18889
7,27,16,0.262295082,61,29,14.2,1,10.0,72,26.0,29.88,20769
7,27,19,0.473067916,61,29,14.2,1,10.0,87,20.0,29.88,1873
7,28,7,0.370892019,62,27,12.8,4,10.0,90,6.0,29.9,639
7,28,10,0.159624413,62,27,12.8,3,10.0,75,13.0,29.9,7082
7,28,13,0.051643192,62,27,12.8,1,10.0,68,18.0,29.86,28694
7,28,16,0.262910798,62,27,12.8,2,10.0,70,21.0,29.83,14653
7,28,19,0.474178404,62,27,12.8,3,10.0,84,15.0,29.84,828
7,29,7,0.371764706,65,27,13.6,4,10.0,84,6.0,29.87,938
7,29,10,0.16,65,27,13.6,1,10.0,68,14.0,29.88,10750
7,29,13,0.051764706,65,27,13.6,1,10.0,59,21.0,29.86,30473
7,29,16,0.263529412,65,27,13.6,1,10.0,66,22.0,29.85,13620
7,29,19,0.475294118,65,27,13.6,3,9.0,81,17.0,29.86,771
7,30,7,0.372641509,63,26,11.6,4,10.0,81,8.0,29.93,1353
7,30,10,0.160377358,63,26,11.6,3,10.0,70,15.0,29.96,10411
7,30,13,0.051886792,63,26,11.6,1,10.0,66,18.0,29.95,32389
7,30,16,0.264150943,63,26,11.6,3,10.0,70,17.0,29.91,19605
7,30,19,0.476415094,63,26,11.6,4,9.0,84,14.0,29.93,2225
7,31,7,0.373522459,62,28,12.8,4,10.0,87,7.0,29.98,1276
7,31,10,0.160756501,62,28,12.8,3,10.0,75,13.0,29.99,11886
7,31,13,0.052009456,62,28,12.8,1,10.0,61,16.0,29.97,34021
7,31,16,0.264775414,62,28,12.8,2,10.0,70,24.0,29.92,17733
7,31,19,0.477541371,62,28,12.8,2,9.0,87,13.0,29.94,734
8,1,7,0.374407583,63,28,13.0,4,10.0,87,5.0,29.97,1974
8,1,10,0.161137441,63,28,13.0,2,10.0,68,13.0,29.98,23788
8,1,13,0.052132701,63,28,13.0,1,10.0,63,24.0,29.97,34447
8,1,16,0.265402844,63,28,13.0,2,10.0,73,20.0,29.97,18771
8,1,19,0.478672986,63,28,13.0,3,9.0,81,13.0,29.98,1739
8,2,7,0.37485172,63,27,13.5,4,10.0,87,11.0,30.02,610
8,2,10,0.161328588,63,27,13.5,3,10.0,70,14.0,30.02,7779
8,2,13,0.052194543,63,27,13.5,1,10.0,63,16.0,30.0,30137
8,2,16,0.265717675,63,27,13.5,1,10.0,65,25.0,29.97,20887
8,2,19,0.4792408070000001,63,27,13.5,3,10.0,81,13.0,29.96,1661
8,3,7,0.375743163,64,27,11.5,4,10.0,84,6.0,30.01,1259
8,3,10,0.161712247,64,27,11.5,4,10.0,70,8.0,30.02,12757
8,3,13,0.052318668,64,27,11.5,1,10.0,59,15.0,30.0,34325
8,3,16,0.266349584,64,27,11.5,1,10.0,61,17.0,29.97,20756
8,3,19,0.480380499,64,27,11.5,1,10.0,75,14.0,29.97,1509
8,4,7,0.376638856,66,27,12.0,3,10.0,81,5.0,30.05,4745
8,4,10,0.162097735,66,27,12.0,1,10.0,66,11.0,30.06,22158
8,4,13,0.052443385,66,27,12.0,0,10.0,52,18.0,30.03,33187
8,4,16,0.266984505,66,27,12.0,1,10.0,55,21.0,29.99,20199
8,4,19,0.481525626,66,27,12.0,1,10.0,73,18.0,29.97,1452
8,5,7,0.377538829,66,26,14.0,4,10.0,84,7.0,30.01,1428
8,5,10,0.1624850659999999,66,26,14.0,3,10.0,68,13.0,30.02,19029
8,5,13,0.052568698,66,26,14.0,1,10.0,59,17.0,30.01,34055
8,5,16,0.267622461,66,26,14.0,2,10.0,68,23.0,29.98,22084
8,5,19,0.482676225,66,26,14.0,3,10.0,70,13.0,29.96,1588
8,6,7,0.378443114,66,27,12.9,3,10.0,78,9.0,30.02,3997
8,6,10,0.162874251,66,27,12.9,3,10.0,57,11.0,30.04,19430
8,6,13,0.052694611,66,27,12.9,3,10.0,59,10.0,30.06,24803
8,6,16,0.268263473,66,27,12.9,2,10.0,59,15.0,30.03,20514
8,6,19,0.483832335,66,27,12.9,2,10.0,73,20.0,30.02,1481
8,7,7,0.378151261,64,27,16.1,3,10.0,81,17.0,30.05,5248
8,7,10,0.162064826,64,27,16.1,2,10.0,65,11.0,30.07,24698
8,7,13,0.054021609,64,27,16.1,2,10.0,61,23.0,30.06,33210
8,7,16,0.270108043,64,27,16.1,2,10.0,63,17.0,30.03,19423
8,7,19,0.486194478,64,27,16.1,1,10.0,81,20.0,30.02,1397
8,8,7,0.379061372,67,30,9.8,0,8.0,81,0.0,30.02,6035
8,8,10,0.162454874,67,30,9.8,1,8.0,73,5.0,30.02,26346
8,8,13,0.054151625,67,30,9.8,1,10.0,50,18.0,29.98,31908
8,8,16,0.270758123,67,30,9.8,1,10.0,55,16.0,29.95,19265
8,8,19,0.487364621,67,30,9.8,2,9.0,78,18.0,29.94,1425
8,9,7,0.379975875,71,29,9.7,0,9.0,75,0.0,29.94,5801
8,9,10,0.162846803,71,29,9.7,1,9.0,73,5.0,29.95,25690
8,9,13,0.054282268,71,29,9.7,1,10.0,32,20.0,29.91,31531
8,9,16,0.271411339,71,29,9.7,1,10.0,47,20.0,29.88,18938
8,9,19,0.48854041,71,29,9.7,2,10.0,73,15.0,29.85,1329
8,10,7,0.3808948,73,30,10.3,0,10.0,75,0.0,29.92,6044
8,10,10,0.163240629,73,30,10.3,1,10.0,66,5.0,29.94,25211
8,10,13,0.054413543,73,30,10.3,1,10.0,44,21.0,29.92,31366
8,10,16,0.272067715,73,30,10.3,2,10.0,55,20.0,29.91,17623
8,10,19,0.489721886,73,30,10.3,2,10.0,78,18.0,29.91,906
8,11,7,0.381818182,66,30,9.3,1,10.0,84,0.0,30.02,744
8,11,10,0.163636364,66,30,9.3,1,10.0,70,7.0,30.03,11209
8,11,13,0.054545455,66,30,9.3,3,10.0,61,21.0,30.02,27606
8,11,16,0.272727273,66,30,9.3,1,10.0,70,18.0,30.0,17905
8,11,19,0.490909091,66,30,9.3,3,10.0,87,13.0,30.0,1346
8,12,7,0.382746051,71,29,12.5,3,10.0,90,0.0,30.0,6343
8,12,10,0.164034022,71,29,12.5,1,10.0,73,3.0,30.01,27323
8,12,13,0.054678007,71,29,12.5,1,10.0,42,22.0,29.98,32295
8,12,16,0.273390036,71,29,12.5,1,10.0,50,31.0,29.94,19187
8,12,19,0.492102066,71,29,12.5,3,10.0,53,14.0,29.93,1318
8,13,7,0.382460414,67,28,21.2,1,10.0,81,16.0,29.97,6406
8,13,10,0.163215591,67,28,21.2,1,10.0,63,17.0,29.98,27136
8,13,13,0.056029233,67,28,21.2,1,10.0,48,28.0,29.97,32235
8,13,16,0.275274056,67,28,21.2,1,10.0,48,26.0,29.93,19164
8,13,19,0.494518879,67,28,21.2,0,10.0,61,28.0,29.91,1110
8,14,7,0.383863081,63,26,19.3,1,10.0,72,17.0,29.97,6524
8,14,10,0.163814181,63,26,19.3,1,10.0,63,26.0,29.99,27737
8,14,13,0.056234719,63,26,19.3,1,10.0,63,21.0,29.99,33293
8,14,16,0.276283619,63,26,19.3,1,10.0,65,23.0,29.96,19411
8,14,19,0.496332518,63,26,19.3,2,10.0,75,15.0,29.94,1158
8,15,7,0.384803922,67,30,8.5,0,10.0,78,0.0,29.96,5826
8,15,10,0.164215686,67,30,8.5,0,9.0,70,5.0,29.96,26714
8,15,13,0.056372549,67,30,8.5,0,10.0,40,15.0,29.93,32413
8,15,16,0.276960784,67,30,8.5,0,10.0,53,21.0,29.91,18854
8,15,19,0.49754902,67,30,8.5,1,10.0,72,9.0,29.89,1091
8,16,7,0.385276074,65,30,11.1,1,10.0,78,0.0,29.93,5831
8,16,10,0.164417178,65,30,11.1,2,10.0,61,6.0,29.93,26277
8,16,13,0.056441718,65,30,11.1,1,10.0,53,14.0,29.9,31397
8,16,16,0.277300613,65,30,11.1,1,10.0,51,22.0,29.85,18705
8,16,19,0.498159509,65,30,11.1,1,9.0,78,18.0,29.85,1055
8,17,7,0.386223862,62,29,14.2,1,9.0,84,8.0,29.92,1379
8,17,10,0.164821648,62,29,14.2,1,10.0,65,10.0,29.92,24772
8,17,13,0.056580566,62,29,14.2,1,10.0,65,23.0,29.9,33053
8,17,16,0.27798278,62,29,14.2,1,10.0,73,25.0,29.86,19120
8,17,19,0.499384994,62,29,14.2,3,10.0,87,18.0,29.86,1132
8,18,7,0.386419753,62,29,11.5,4,9.0,84,7.0,29.87,806
8,18,10,0.164197531,62,29,11.5,1,9.0,73,13.0,29.88,20290
8,18,13,0.058024691,62,29,11.5,1,10.0,63,18.0,29.85,31772
8,18,16,0.280246914,62,29,11.5,1,10.0,68,21.0,29.81,18020
8,18,19,0.502469136,62,29,11.5,1,10.0,87,18.0,29.81,499
8,19,10,0.16460396,65,30,8.6,2,9.0,73,5.0,29.87,8584
8,19,13,0.058168317,65,30,8.6,1,9.0,66,6.0,29.85,18238
8,19,16,0.280940594,65,30,8.6,1,10.0,63,17.0,29.82,11166
8,19,19,0.5037128710000001,65,30,8.6,1,10.0,81,15.0,29.84,863
8,20,7,0.388337469,64,28,12.3,3,10.0,81,7.0,29.91,759
8,20,10,0.165012407,64,28,12.3,1,10.0,66,10.0,29.92,8690
8,20,13,0.058312655,64,28,12.3,1,10.0,55,16.0,29.92,25632
8,20,16,0.281637717,64,28,12.3,1,10.0,65,21.0,29.9,18709
8,20,19,0.504962779,64,28,12.3,2,10.0,84,20.0,29.91,1306
8,21,7,0.389788294,68,29,9.2,4,9.0,87,3.0,29.92,1211
8,21,10,0.165628892,68,29,9.2,1,10.0,75,3.0,29.92,22969
8,21,13,0.0585305109999999,68,29,9.2,1,10.0,68,6.0,29.87,31163
8,21,16,0.282689913,68,29,9.2,2,10.0,55,18.0,29.81,18040
8,21,19,0.506849315,68,29,9.2,2,10.0,70,15.0,29.82,886
8,22,7,0.389513109,63,29,14.7,2,9.0,84,7.0,29.88,1709
8,22,10,0.164794007,63,29,14.7,2,10.0,73,17.0,29.89,17165
8,22,13,0.059925094,63,29,14.7,2,10.0,63,21.0,29.86,32668
8,22,16,0.284644195,63,29,14.7,3,10.0,68,17.0,29.86,17506
8,22,19,0.509363296,63,29,14.7,3,10.0,78,22.0,29.88,467
8,23,7,0.39048811,62,28,11.6,2,10.0,87,6.0,29.91,879
8,23,10,0.165206508,62,28,11.6,2,10.0,63,10.0,29.94,14255
8,23,13,0.060075094,62,28,11.6,2,10.0,57,24.0,29.92,34720
8,23,16,0.285356696,62,28,11.6,2,10.0,65,29.0,29.91,18413
8,23,19,0.5106382979999999,62,28,11.6,3,10.0,83,11.0,29.91,1261
8,24,7,0.391468005,61,27,8.1,1,9.0,80,0.0,29.94,855
8,24,10,0.165621079,61,27,8.1,1,10.0,68,3.0,29.96,22613
8,24,13,0.060225847,61,27,8.1,1,10.0,59,18.0,29.95,32841
8,24,16,0.286072773,61,27,8.1,1,10.0,63,14.0,29.95,18560
8,24,19,0.511919699,61,27,8.1,1,10.0,75,14.0,29.94,858
8,25,7,0.39245283,63,29,9.8,2,9.0,87,7.0,29.99,1390
8,25,10,0.166037736,63,29,9.8,1,10.0,70,6.0,29.99,25263
8,25,13,0.060377358,63,29,9.8,1,10.0,66,6.0,29.96,32513
8,25,16,0.286792453,63,29,9.8,1,10.0,63,21.0,29.92,18417
8,25,19,0.513207547,63,29,9.8,1,10.0,78,16.0,29.93,802
8,26,7,0.392676768,62,30,12.1,4,9.0,87,5.0,30.02,1245
8,26,10,0.16540404,62,30,12.1,1,10.0,70,13.0,30.03,23711
8,26,13,0.061868687,62,30,12.1,1,10.0,61,15.0,30.0,31463
8,26,16,0.289141414,62,30,12.1,1,10.0,70,23.0,29.98,18322
8,26,19,0.516414141,62,30,12.1,2,10.0,90,13.0,29.99,747
8,27,7,0.393670886,71,29,9.8,4,0.25,100,5.0,30.06,5372
8,27,10,0.165822785,71,29,9.8,1,10.0,78,3.0,30.05,26175
8,27,13,0.062025316,71,29,9.8,0,10.0,42,13.0,30.0,31028
8,27,16,0.289873418,71,29,9.8,3,10.0,47,18.0,29.95,17989
8,27,19,0.517721519,71,29,9.8,3,10.0,47,22.0,29.95,1090
8,28,7,0.395171537,78,29,6.6,3,10.0,71,0.0,29.97,4957
8,28,10,0.166454892,78,29,6.6,3,10.0,66,3.0,29.97,23873
8,28,13,0.062261753,78,29,6.6,3,10.0,36,5.0,29.94,22231
8,28,16,0.290978399,78,29,6.6,4,10.0,19,20.0,29.91,9224
8,28,19,0.519695044,78,29,6.6,4,10.0,32,13.0,29.9,271
8,29,10,0.166878981,74,29,12.4,1,10.0,74,0.0,29.9,7263
8,29,13,0.062420382,74,29,12.4,1,10.0,40,24.0,29.86,29731
8,29,16,0.291719745,74,29,12.4,1,10.0,43,30.0,29.82,16587
8,29,19,0.521019108,74,29,12.4,1,10.0,70,21.0,29.81,586
8,30,7,0.395913155,61,27,15.8,2,10.0,90,8.0,29.86,884
8,30,10,0.166028097,61,27,15.8,2,10.0,75,14.0,29.88,15348
8,30,13,0.06385696,61,27,15.8,2,10.0,68,23.0,29.86,32524
8,30,16,0.293742018,61,27,15.8,2,10.0,73,20.0,29.83,17294
8,30,19,0.523627075,61,27,15.8,3,10.0,84,17.0,29.85,895
8,31,7,0.3969270170000001,63,27,13.9,4,10.0,87,9.0,29.9,464
8,31,10,0.166453265,63,27,13.9,4,10.0,75,10.0,29.93,6995
8,31,13,0.064020487,63,27,13.9,1,10.0,66,15.0,29.91,29490
8,31,16,0.294494238,63,27,13.9,2,10.0,68,21.0,29.88,17257
8,31,19,0.52496799,63,27,13.9,2,10.0,81,17.0,29.87,677
