class,age,sex,histologic_type,degree_of_differentiation,bone,bone_marrow,lung,pleura,peritoneum,liver,brain,skin,neck,supraclavicular,axillar,mediastinum,abdominal
lung,under_30,male,?,poorly,no,no,yes,no,no,no,no,no,no,no,no,no,no
lung,under_30,male,?,poorly,no,no,no,no,no,yes,no,no,no,yes,no,yes,no
lung,under_30,female,adeno,poorly,yes,no,no,no,no,no,no,no,no,no,no,yes,no
lung,under_30,female,?,poorly,yes,no,yes,yes,no,no,no,no,no,no,no,yes,no
lung,under_30,female,?,poorly,yes,no,yes,yes,no,no,no,no,no,no,no,yes,no
lung,under_30,female,?,poorly,yes,no,no,no,no,no,yes,no,no,yes,yes,yes,no
lung,30_to_59,male,epidermoid,well,yes,no,no,no,no,no,no,yes,yes,yes,no,no,no
lung,30_to_59,male,epidermoid,well,yes,no,no,no,no,no,no,no,no,no,no,no,no
lung,30_to_59,male,epidermoid,well,no,no,no,no,no,no,no,no,yes,no,no,no,no
lung,30_to_59,male,epidermoid,fairly,yes,no,no,no,no,no,no,?,yes,yes,no,no,no
lung,30_to_59,male,epidermoid,poorly,yes,no,no,yes,no,no,no,no,no,yes,no,yes,no
lung,30_to_59,male,epidermoid,poorly,yes,no,no,no,no,no,no,yes,no,no,yes,no,no
lung,30_to_59,male,epidermoid,poorly,yes,no,no,no,no,no,no,no,no,no,no,no,no
lung,30_to_59,male,epidermoid,poorly,yes,no,no,no,no,no,no,no,no,no,no,no,no
lung,30_to_59,male,epidermoid,poorly,no,no,no,no,no,yes,no,no,no,no,no,yes,no
lung,30_to_59,male,epidermoid,?,no,no,no,yes,no,yes,no,no,no,no,no,no,no
lung,30_to_59,male,epidermoid,?,no,no,no,no,no,no,no,no,no,yes,?,yes,no
lung,30_to_59,male,adeno,fairly,no,no,yes,no,no,no,no,no,yes,yes,no,yes,no
lung,30_to_59,male,adeno,poorly,yes,no,no,no,no,no,no,yes,no,no,no,no,no
lung,30_to_59,male,adeno,poorly,no,no,no,no,no,no,no,no,no,yes,no,yes,no
lung,30_to_59,male,adeno,?,yes,no,no,no,no,no,no,no,no,no,no,yes,no
lung,30_to_59,male,adeno,?,no,no,yes,no,no,yes,no,no,no,yes,yes,yes,no
lung,30_to_59,male,adeno,?,no,no,yes,no,no,no,no,no,no,yes,no,no,no
lung,30_to_59,male,adeno,?,no,no,no,yes,yes,no,no,no,no,no,no,yes,yes
lung,30_to_59,male,adeno,?,no,no,no,yes,no,no,no,no,no,no,no,no,no
lung,30_to_59,male,adeno,?,no,no,no,no,no,no,no,no,no,no,yes,no,no
lung,30_to_59,male,anaplastic,poorly,yes,yes,no,no,no,no,no,no,no,no,no,yes,no
lung,30_to_59,male,anaplastic,poorly,no,no,yes,no,yes,no,no,no,no,no,no,no,yes
lung,30_to_59,male,anaplastic,poorly,no,no,no,yes,no,yes,no,no,yes,no,no,yes,yes
lung,30_to_59,male,anaplastic,poorly,no,no,no,no,no,no,yes,no,no,no,no,no,no
lung,30_to_59,male,?,poorly,yes,yes,yes,yes,yes,yes,no,no,no,no,no,yes,yes
lung,30_to_59,male,?,poorly,yes,yes,no,no,no,no,yes,no,no,no,no,yes,no
lung,30_to_59,male,?,poorly,yes,no,yes,yes,no,yes,no,no,no,no,no,yes,yes
lung,30_to_59,male,?,poorly,yes,no,no,yes,no,no,no,no,no,no,no,yes,no
lung,30_to_59,male,?,poorly,yes,no,no,no,yes,no,yes,no,no,no,no,yes,yes
lung,30_to_59,male,?,poorly,yes,no,no,no,no,yes,no,no,no,no,no,yes,no
lung,30_to_59,male,?,poorly,no,no,yes,no,no,yes,no,no,no,no,no,yes,yes
lung,30_to_59,male,?,poorly,no,no,no,yes,no,yes,yes,no,no,no,no,yes,yes
lung,30_to_59,male,?,poorly,no,no,no,yes,no,yes,no,yes,no,no,no,no,no
lung,30_to_59,male,?,poorly,no,no,no,yes,no,no,no,no,no,yes,no,yes,yes
lung,30_to_59,male,?,poorly,no,no,no,no,yes,yes,no,no,no,no,no,yes,no
lung,30_to_59,male,?,poorly,no,no,no,no,yes,no,yes,yes,no,no,no,yes,yes
lung,30_to_59,male,?,poorly,no,no,no,no,no,no,yes,yes,no,yes,yes,yes,no
lung,30_to_59,male,?,poorly,no,no,no,no,no,no,no,yes,no,no,no,no,no
lung,30_to_59,male,?,poorly,no,no,no,no,no,no,no,no,yes,yes,no,yes,yes
lung,30_to_59,male,?,poorly,no,no,no,no,no,no,no,no,no,yes,no,yes,no
lung,30_to_59,male,?,poorly,no,no,no,no,no,no,no,no,no,yes,no,yes,no
lung,30_to_59,male,?,poorly,no,no,no,no,no,no,no,no,no,no,no,yes,no
lung,30_to_59,male,?,?,yes,no,no,no,no,no,no,yes,no,no,no,no,no
lung,30_to_59,female,epidermoid,poorly,no,no,no,no,no,yes,yes,no,no,no,no,yes,no
lung,30_to_59,female,adeno,well,yes,no,no,no,no,no,no,no,no,no,no,no,no
lung,30_to_59,female,adeno,poorly,no,no,yes,no,yes,yes,no,no,no,no,no,yes,no
lung,30_to_59,female,adeno,poorly,no,no,no,no,no,no,no,no,no,yes,no,no,no
lung,30_to_59,female,adeno,?,yes,no,yes,yes,yes,yes,no,no,no,no,no,yes,yes
lung,30_to_59,female,adeno,?,yes,no,no,no,no,yes,no,no,no,no,no,no,no
lung,30_to_59,female,adeno,?,yes,no,no,no,no,no,yes,no,no,no,no,yes,no
lung,30_to_59,female,adeno,?,yes,no,no,no,no,no,no,yes,no,no,no,no,no
lung,30_to_59,female,adeno,?,no,no,no,no,no,yes,no,no,no,yes,no,yes,no
lung,30_to_59,female,adeno,?,no,no,no,no,no,no,yes,no,no,no,no,yes,no
lung,30_to_59,female,anaplastic,poorly,no,no,no,yes,yes,no,no,no,no,yes,no,yes,no
lung,30_to_59,female,anaplastic,poorly,no,no,no,yes,no,no,yes,no,no,no,no,yes,no
lung,30_to_59,female,?,poorly,no,no,yes,yes,yes,yes,no,yes,no,no,no,yes,yes
lung,30_to_59,female,?,?,no,no,no,yes,no,no,no,no,no,no,no,no,no
lung,60_or_over,male,epidermoid,well,yes,no,no,no,yes,yes,no,no,no,no,no,yes,no
lung,60_or_over,male,epidermoid,fairly,yes,no,no,no,no,no,no,no,no,no,no,yes,no
lung,60_or_over,male,epidermoid,poorly,yes,no,yes,yes,no,yes,no,no,no,no,no,no,yes
lung,60_or_over,male,epidermoid,poorly,no,no,no,no,no,no,no,no,no,yes,no,no,no
lung,60_or_over,male,epidermoid,?,no,no,no,no,no,no,no,no,no,no,no,no,yes
lung,60_or_over,male,adeno,?,no,no,no,yes,yes,no,no,no,no,no,no,yes,yes
lung,60_or_over,male,?,poorly,yes,no,no,no,no,yes,no,no,no,no,no,yes,yes
lung,60_or_over,male,?,poorly,no,no,no,no,no,yes,no,no,no,yes,no,yes,no
lung,60_or_over,male,?,poorly,no,no,no,no,no,yes,no,no,no,no,no,yes,yes
lung,60_or_over,male,?,poorly,no,no,no,no,no,no,yes,no,no,no,no,yes,yes
lung,60_or_over,female,epidermoid,poorly,yes,no,yes,no,no,no,no,no,no,yes,no,no,no
lung,60_or_over,female,epidermoid,poorly,no,no,no,no,no,no,no,no,no,no,no,yes,no
lung,60_or_over,female,epidermoid,?,no,no,no,yes,yes,no,no,no,no,no,no,no,no
lung,60_or_over,female,?,poorly,yes,no,no,yes,no,yes,no,no,no,no,no,no,no
lung,60_or_over,female,?,poorly,yes,no,no,yes,no,no,no,no,no,no,no,no,no
lung,60_or_over,female,?,poorly,no,no,yes,no,no,yes,yes,no,no,yes,no,yes,no
lung,60_or_over,female,?,poorly,no,no,no,yes,no,yes,no,no,no,yes,no,yes,no
lung,60_or_over,female,?,poorly,no,no,no,no,no,yes,no,no,no,no,no,yes,yes
lung,60_or_over,female,?,poorly,no,no,no,no,no,no,no,no,no,no,no,yes,yes
lung,60_or_over,female,?,?,no,no,no,no,yes,yes,no,no,no,yes,no,no,no
lung,60_or_over,female,?,?,no,no,no,no,no,yes,no,no,no,no,no,no,no
head_and_neck,under_30,male,epidermoid,fairly,no,no,no,no,no,no,no,no,yes,no,no,no,no
head_and_neck,30_to_59,male,epidermoid,well,no,no,no,no,no,no,no,no,yes,no,no,no,no
head_and_neck,30_to_59,male,epidermoid,well,no,no,no,no,no,no,no,no,yes,no,no,no,no
head_and_neck,30_to_59,male,epidermoid,well,no,no,no,no,no,no,no,no,yes,no,no,no,no
head_and_neck,30_to_59,male,epidermoid,well,no,no,no,no,no,no,no,no,yes,no,no,no,no
head_and_neck,30_to_59,male,epidermoid,?,no,no,yes,no,no,no,no,no,yes,no,no,no,no
head_and_neck,30_to_59,male,epidermoid,?,no,no,no,yes,no,no,no,no,yes,no,no,no,no
head_and_neck,30_to_59,male,epidermoid,?,no,no,no,no,no,no,no,no,yes,no,no,no,no
head_and_neck,30_to_59,male,?,poorly,no,no,no,no,no,no,no,no,yes,no,no,no,no
head_and_neck,30_to_59,female,epidermoid,poorly,yes,no,no,no,no,no,no,no,yes,no,no,no,no
head_and_neck,30_to_59,female,?,?,no,no,no,no,no,no,no,no,yes,yes,no,no,no
head_and_neck,30_to_59,female,?,?,no,no,no,no,no,no,no,no,yes,no,no,no,no
head_and_neck,60_or_over,male,epidermoid,well,no,no,no,no,no,no,no,no,yes,yes,no,no,no
head_and_neck,60_or_over,male,epidermoid,fairly,no,no,no,no,no,no,no,no,yes,no,no,no,no
head_and_neck,60_or_over,male,epidermoid,fairly,no,no,no,no,no,no,no,no,yes,no,no,no,no
head_and_neck,60_or_over,male,epidermoid,fairly,no,no,no,no,no,no,no,no,yes,no,no,no,no
head_and_neck,60_or_over,male,epidermoid,fairly,no,no,no,no,no,no,no,no,yes,no,no,no,no
head_and_neck,60_or_over,male,epidermoid,poorly,no,no,no,no,no,no,no,no,yes,no,no,no,no
head_and_neck,60_or_over,male,epidermoid,?,no,no,no,no,no,no,no,no,yes,no,no,no,no
head_and_neck,60_or_over,male,?,poorly,no,no,no,no,no,no,no,no,yes,no,no,no,no
esophagus,30_to_59,male,epidermoid,poorly,no,no,yes,no,no,no,no,no,yes,yes,yes,yes,no
esophagus,30_to_59,male,epidermoid,?,no,no,yes,no,no,no,no,no,no,yes,no,no,no
esophagus,30_to_59,male,adeno,?,yes,no,no,no,no,no,no,no,no,no,no,no,yes
esophagus,30_to_59,male,adeno,?,no,no,yes,no,no,yes,no,no,no,no,no,no,yes
esophagus,30_to_59,male,?,poorly,yes,no,no,no,no,no,no,no,no,no,no,no,no
esophagus,30_to_59,male,?,poorly,no,no,no,no,no,yes,no,no,no,yes,no,no,no
esophagus,30_to_59,female,?,poorly,yes,no,no,no,no,no,no,yes,yes,no,no,no,no
esophagus,30_to_59,female,?,poorly,no,no,no,no,no,no,no,no,yes,yes,no,no,no
esophagus,60_or_over,male,epidermoid,?,no,no,yes,no,no,yes,no,no,no,no,no,yes,yes
thyroid,under_30,female,adeno,well,yes,no,yes,no,no,no,no,yes,no,no,no,no,no
thyroid,30_to_59,male,adeno,well,yes,no,no,no,no,no,no,no,no,no,no,no,no
thyroid,30_to_59,male,adeno,fairly,no,no,yes,no,no,no,no,no,yes,yes,yes,yes,no
thyroid,30_to_59,male,adeno,?,yes,no,no,no,no,no,no,no,yes,no,no,no,no
thyroid,30_to_59,male,?,?,yes,no,yes,no,no,no,no,no,no,no,no,no,no
thyroid,30_to_59,female,adeno,well,yes,no,yes,no,no,no,no,no,no,no,no,no,no
thyroid,30_to_59,female,adeno,fairly,yes,no,yes,no,no,no,no,no,no,no,no,yes,no
thyroid,30_to_59,female,adeno,poorly,yes,no,no,yes,no,yes,no,no,no,yes,no,yes,no
thyroid,30_to_59,?,?,well,no,no,no,no,no,no,no,no,no,no,no,yes,no
thyroid,60_or_over,female,adeno,well,yes,no,no,no,no,no,no,no,no,no,no,no,no
thyroid,60_or_over,female,adeno,?,yes,no,yes,no,no,no,no,no,no,no,no,no,no
thyroid,60_or_over,female,anaplastic,poorly,no,no,no,yes,no,no,no,no,no,no,no,yes,no
thyroid,60_or_over,female,?,poorly,yes,no,no,no,no,no,no,no,no,no,no,no,yes
thyroid,60_or_over,female,?,?,yes,no,yes,no,no,no,no,no,no,no,no,no,no
stomach,under_30,male,adeno,well,no,no,no,no,yes,no,no,no,no,yes,no,no,no
stomach,under_30,male,adeno,poorly,yes,yes,yes,no,no,yes,yes,no,no,no,yes,yes,yes
stomach,under_30,male,adeno,?,no,no,no,yes,no,no,no,no,no,no,no,no,no
stomach,under_30,female,adeno,well,yes,yes,no,no,yes,no,no,no,no,no,no,no,no
stomach,under_30,female,adeno,well,yes,no,no,no,no,no,no,no,no,yes,no,no,yes
stomach,under_30,female,adeno,?,yes,no,no,no,yes,no,no,no,yes,yes,yes,no,yes
stomach,30_to_59,male,adeno,well,no,no,yes,yes,no,no,no,no,no,no,no,yes,yes
stomach,30_to_59,male,adeno,well,no,no,no,no,no,yes,no,no,no,no,no,no,no
stomach,30_to_59,male,adeno,well,no,no,no,no,no,no,no,no,no,no,no,yes,no
stomach,30_to_59,male,adeno,poorly,yes,no,no,no,no,yes,no,no,no,no,no,no,no
stomach,30_to_59,male,adeno,?,yes,no,yes,no,no,no,yes,no,no,no,no,yes,no
stomach,30_to_59,male,adeno,?,yes,no,no,no,no,no,no,no,no,no,no,no,no
stomach,30_to_59,male,adeno,?,no,no,no,no,yes,yes,no,no,no,no,no,no,yes
stomach,30_to_59,male,adeno,?,no,no,no,no,no,yes,no,no,no,no,no,no,yes
stomach,30_to_59,male,adeno,?,no,no,no,no,no,no,yes,no,no,no,no,no,yes
stomach,30_to_59,male,?,poorly,no,no,no,no,no,no,no,no,no,yes,no,no,no
stomach,30_to_59,male,?,?,no,no,no,no,no,no,no,no,no,no,no,no,yes
stomach,30_to_59,female,adeno,well,no,no,no,yes,yes,no,no,no,no,yes,no,no,no
stomach,30_to_59,female,adeno,well,no,no,no,yes,yes,no,no,no,no,no,no,no,no
stomach,30_to_59,female,adeno,well,no,no,no,yes,yes,no,no,no,no,no,no,no,no
stomach,30_to_59,female,adeno,well,no,no,no,no,yes,yes,no,no,no,no,no,no,yes
stomach,30_to_59,female,adeno,fairly,no,no,no,no,yes,no,no,no,no,no,no,no,no
stomach,30_to_59,female,adeno,?,no,no,yes,yes,yes,no,no,no,no,no,no,no,yes
stomach,30_to_59,female,adeno,?,no,no,yes,no,no,no,no,no,yes,yes,yes,yes,yes
stomach,30_to_59,female,adeno,?,no,no,no,no,yes,no,no,no,no,no,no,no,no
stomach,30_to_59,female,adeno,?,no,no,no,no,no,no,no,no,no,yes,yes,no,yes
stomach,30_to_59,female,adeno,?,no,no,no,no,no,no,no,no,no,yes,no,no,no
stomach,30_to_59,female,?,poorly,no,no,no,no,yes,no,no,no,no,no,no,no,yes
stomach,60_or_over,male,adeno,well,no,no,no,no,yes,no,no,no,no,no,no,no,yes
stomach,60_or_over,male,adeno,poorly,no,no,no,no,no,yes,no,no,no,no,no,no,no
stomach,60_or_over,male,adeno,?,no,no,yes,no,yes,yes,no,no,no,no,no,no,yes
stomach,60_or_over,male,adeno,?,no,no,yes,no,no,no,no,no,no,yes,no,no,no
stomach,60_or_over,male,adeno,?,no,no,no,no,yes,yes,no,no,no,no,no,no,no
stomach,60_or_over,male,adeno,?,no,no,no,no,yes,no,no,no,no,no,no,no,no
stomach,60_or_over,female,adeno,well,no,no,no,no,no,yes,no,no,no,no,no,no,no
stomach,60_or_over,female,adeno,well,no,no,no,no,no,no,no,no,no,yes,no,no,no
stomach,60_or_over,female,adeno,?,no,no,no,no,no,yes,no,no,no,no,no,no,yes
stomach,60_or_over,female,?,poorly,no,no,no,no,no,yes,no,no,no,no,no,no,yes
stomach,60_or_over,female,?,?,no,no,no,no,no,yes,no,no,no,no,no,no,yes
duodenum_and_small_intestine,60_or_over,female,adeno,?,no,no,yes,no,no,no,no,no,no,no,no,no,no
colon,under_30,male,?,?,no,no,no,no,yes,yes,no,no,no,no,no,no,no
colon,30_to_59,male,adeno,well,no,no,no,no,yes,yes,no,no,no,no,no,no,yes
colon,30_to_59,male,adeno,well,no,no,no,no,yes,no,no,no,no,no,no,no,no
colon,30_to_59,male,adeno,?,no,no,no,yes,yes,yes,no,no,no,yes,no,no,yes
colon,30_to_59,male,adeno,?,no,no,no,no,no,yes,no,no,no,no,no,no,no
colon,30_to_59,female,adeno,fairly,no,no,no,no,yes,no,no,no,no,no,no,no,yes
colon,30_to_59,female,adeno,?,no,no,yes,no,no,no,no,no,no,no,no,yes,yes
colon,30_to_59,female,adeno,?,no,no,yes,no,no,no,no,no,no,no,no,no,no
colon,60_or_over,male,adeno,fairly,no,no,no,yes,yes,yes,no,no,no,no,no,no,yes
colon,60_or_over,female,adeno,?,no,no,yes,yes,no,yes,no,no,no,no,no,yes,yes
colon,60_or_over,female,adeno,?,no,no,yes,no,no,yes,no,no,no,no,no,yes,yes
colon,60_or_over,female,adeno,?,no,no,no,no,no,yes,no,no,no,no,no,no,yes
colon,60_or_over,female,adeno,?,no,no,no,no,no,yes,no,no,no,no,no,no,no
colon,60_or_over,female,adeno,?,no,no,no,no,no,no,no,no,no,no,no,no,yes
rectum,30_to_59,male,epidermoid,well,no,no,no,no,no,no,no,no,yes,no,no,no,no
rectum,30_to_59,female,adeno,?,no,no,no,no,no,no,yes,no,no,no,no,no,no
rectum,60_or_over,male,adeno,well,no,no,no,no,no,yes,no,yes,no,no,no,no,no
rectum,60_or_over,male,adeno,well,no,no,no,no,no,yes,no,no,no,no,no,no,no
rectum,60_or_over,male,adeno,?,no,no,no,yes,yes,yes,no,no,no,no,no,no,yes
rectum,60_or_over,female,adeno,well,no,no,yes,no,no,no,no,no,no,no,no,no,no
salivary_glands,30_to_59,male,epidermoid,well,yes,no,no,no,no,no,no,no,yes,yes,no,no,no
salivary_glands,30_to_59,male,epidermoid,?,yes,no,no,yes,yes,no,no,no,yes,yes,no,no,no
pancreas,under_30,male,?,poorly,yes,no,no,yes,yes,no,no,no,no,no,no,no,no
pancreas,30_to_59,male,adeno,well,no,no,no,no,yes,yes,no,no,no,no,no,no,no
pancreas,30_to_59,male,adeno,poorly,no,no,no,yes,no,yes,no,no,no,no,no,yes,yes
pancreas,30_to_59,male,adeno,poorly,no,no,no,no,yes,yes,no,no,no,no,no,no,no
pancreas,30_to_59,male,adeno,poorly,no,no,no,no,no,yes,no,no,no,no,no,no,no
pancreas,30_to_59,male,adeno,?,no,no,yes,yes,no,no,no,no,no,no,no,yes,yes
pancreas,30_to_59,male,adeno,?,no,no,no,yes,yes,yes,no,no,no,no,no,no,yes
pancreas,30_to_59,male,adeno,?,no,no,no,no,no,yes,no,no,no,no,no,no,no
pancreas,30_to_59,male,?,poorly,no,no,yes,no,yes,yes,no,no,no,no,no,yes,yes
pancreas,30_to_59,female,adeno,well,no,no,no,no,yes,yes,no,no,no,no,no,no,yes
pancreas,30_to_59,female,adeno,poorly,no,no,no,yes,yes,yes,no,no,no,no,no,no,yes
pancreas,30_to_59,female,adeno,poorly,no,no,no,yes,no,no,no,no,no,no,no,no,yes
pancreas,30_to_59,female,adeno,poorly,no,no,no,no,no,yes,no,no,no,no,no,no,yes
pancreas,30_to_59,female,adeno,?,no,no,yes,yes,yes,no,no,no,no,no,no,no,no
pancreas,30_to_59,female,adeno,?,no,no,yes,no,no,yes,no,no,no,no,no,no,yes
pancreas,30_to_59,female,adeno,?,no,no,no,no,no,yes,no,no,no,no,no,no,yes
pancreas,60_or_over,male,adeno,well,no,no,no,no,yes,yes,no,no,no,no,no,no,yes
pancreas,60_or_over,male,adeno,poorly,no,no,yes,no,no,yes,no,no,no,no,no,no,yes
pancreas,60_or_over,male,adeno,?,no,no,no,no,no,yes,no,no,no,no,no,no,yes
pancreas,60_or_over,female,adeno,well,no,no,no,no,yes,no,no,no,no,no,no,no,no
pancreas,60_or_over,female,adeno,fairly,no,no,no,no,yes,no,no,no,no,no,no,no,no
pancreas,60_or_over,female,adeno,poorly,no,no,yes,no,no,yes,no,no,no,no,no,yes,yes
pancreas,60_or_over,female,adeno,poorly,no,no,no,no,yes,yes,no,no,no,no,no,no,no
pancreas,60_or_over,female,adeno,poorly,no,no,no,no,no,yes,no,no,no,no,no,no,yes
pancreas,60_or_over,female,adeno,?,yes,no,yes,yes,no,yes,no,no,no,no,no,yes,yes
pancreas,60_or_over,female,adeno,?,no,yes,no,no,yes,no,no,no,no,no,no,no,yes
pancreas,60_or_over,female,adeno,?,no,no,no,no,yes,yes,no,no,no,no,no,no,yes
pancreas,60_or_over,female,adeno,?,no,no,no,no,no,yes,no,no,no,no,no,no,no
gallbladder,30_to_59,female,adeno,?,yes,no,yes,yes,yes,yes,yes,no,no,no,no,no,yes
gallbladder,30_to_59,female,adeno,?,no,no,no,yes,yes,no,no,no,no,no,no,no,no
gallbladder,60_or_over,female,epidermoid,?,no,no,no,no,no,yes,no,no,no,no,no,no,yes
gallbladder,60_or_over,female,adeno,fairly,no,no,no,no,no,yes,no,no,no,no,no,no,yes
gallbladder,60_or_over,female,adeno,poorly,no,no,yes,yes,yes,yes,no,no,no,no,no,yes,yes
gallbladder,60_or_over,female,adeno,poorly,no,no,yes,no,no,yes,no,no,no,no,no,no,yes
gallbladder,60_or_over,female,adeno,poorly,no,no,no,no,no,yes,no,no,no,no,no,yes,yes
gallbladder,60_or_over,female,adeno,poorly,no,no,no,no,no,yes,no,no,no,no,no,no,yes
gallbladder,60_or_over,female,adeno,?,no,no,yes,no,no,yes,no,no,no,no,no,no,yes
gallbladder,60_or_over,female,adeno,?,no,no,no,no,yes,yes,no,no,no,no,no,no,no
gallbladder,60_or_over,female,adeno,?,no,no,no,no,no,yes,no,no,no,no,no,no,yes
gallbladder,60_or_over,female,adeno,?,no,no,no,no,no,yes,no,no,no,no,no,no,yes
gallbladder,60_or_over,female,adeno,?,no,no,no,no,no,yes,no,no,no,no,no,no,no
gallbladder,60_or_over,female,adeno,?,no,no,no,no,no,no,no,no,no,no,no,yes,yes
gallbladder,60_or_over,female,adeno,?,no,no,no,no,no,no,no,no,no,no,no,no,yes
gallbladder,60_or_over,female,?,poorly,no,no,no,no,no,yes,no,no,no,no,no,no,no
liver,under_30,male,anaplastic,poorly,no,no,no,no,no,no,no,no,no,yes,no,no,no
liver,30_to_59,male,adeno,?,no,no,yes,yes,no,no,no,no,no,no,no,yes,yes
liver,30_to_59,female,adeno,?,yes,no,no,no,no,no,no,no,no,no,no,no,no
liver,60_or_over,male,adeno,fairly,no,no,no,yes,yes,no,no,no,no,no,no,no,no
liver,60_or_over,female,adeno,?,no,no,yes,no,no,no,no,no,no,no,no,no,no
liver,60_or_over,female,adeno,?,no,no,no,yes,yes,no,yes,no,no,no,no,no,yes
liver,60_or_over,female,adeno,?,no,no,no,no,no,no,no,no,no,no,no,yes,yes
kidney,under_30,male,adeno,?,yes,no,no,no,no,no,no,no,no,no,no,no,no
kidney,under_30,male,adeno,?,no,no,no,no,yes,yes,no,yes,no,no,no,no,yes
kidney,under_30,male,adeno,?,no,no,no,no,no,no,no,no,no,yes,no,no,no
kidney,under_30,female,?,well,no,no,no,no,no,no,no,no,no,no,no,no,no
kidney,30_to_59,male,adeno,well,yes,no,no,no,no,no,no,no,no,no,no,no,no
kidney,30_to_59,male,adeno,well,no,no,yes,no,no,no,no,yes,no,no,yes,no,no
kidney,30_to_59,male,adeno,?,yes,no,yes,yes,no,no,no,no,no,no,no,yes,no
kidney,30_to_59,male,adeno,?,yes,no,yes,no,yes,no,no,no,no,no,no,no,yes
kidney,30_to_59,male,adeno,?,yes,no,yes,no,no,no,yes,no,no,no,no,yes,no
kidney,30_to_59,male,adeno,?,yes,no,yes,no,no,no,no,no,no,no,no,no,no
kidney,30_to_59,male,adeno,?,yes,no,no,no,no,no,no,no,no,no,no,yes,no
kidney,30_to_59,male,adeno,?,yes,no,no,no,no,no,no,no,no,no,no,no,no
kidney,30_to_59,male,adeno,?,yes,no,no,no,no,no,no,no,no,no,no,no,no
kidney,30_to_59,male,?,?,yes,no,no,no,no,no,no,no,no,no,no,no,no
kidney,30_to_59,female,adeno,well,no,no,no,no,no,no,no,no,no,yes,no,no,no
kidney,30_to_59,female,adeno,?,no,no,yes,no,yes,yes,no,no,no,no,no,no,yes
kidney,30_to_59,female,?,?,yes,no,yes,no,no,no,no,no,no,no,no,no,no
kidney,60_or_over,male,adeno,well,no,no,no,no,no,no,yes,no,no,no,no,no,no
kidney,60_or_over,male,adeno,?,yes,no,yes,no,no,no,no,no,no,no,no,yes,yes
kidney,60_or_over,male,adeno,?,yes,no,yes,no,no,no,no,no,no,no,no,no,no
kidney,60_or_over,male,adeno,?,no,no,yes,yes,no,no,no,no,no,no,no,no,no
kidney,60_or_over,female,adeno,poorly,no,no,yes,no,no,no,no,no,no,no,no,yes,yes
kidney,60_or_over,female,adeno,?,no,no,yes,no,no,no,no,no,no,no,no,no,no
kidney,60_or_over,female,adeno,?,no,no,no,yes,yes,no,no,no,no,no,no,no,yes
bladder,30_to_59,male,?,?,no,no,no,no,yes,no,no,no,no,no,no,no,no
bladder,60_or_over,male,?,poorly,no,no,no,yes,yes,no,no,no,yes,no,no,yes,yes
testis,30_to_59,male,adeno,fairly,no,no,yes,yes,no,no,no,no,no,no,no,no,no
prostate,30_to_59,male,adeno,well,yes,no,no,no,no,no,no,no,yes,yes,no,yes,no
prostate,30_to_59,male,adeno,fairly,yes,no,no,no,no,no,no,no,no,no,no,no,no
prostate,30_to_59,male,adeno,fairly,yes,no,no,no,no,no,no,no,no,no,no,no,no
prostate,30_to_59,male,adeno,fairly,no,no,no,no,no,no,no,no,yes,yes,no,no,no
prostate,30_to_59,male,adeno,?,yes,no,no,no,no,no,no,no,no,no,no,no,no
prostate,30_to_59,male,adeno,?,yes,no,no,no,no,no,no,no,no,no,no,no,no
prostate,60_or_over,male,adeno,well,yes,no,no,no,no,no,no,no,no,no,no,no,no
prostate,60_or_over,male,adeno,well,no,no,yes,no,no,yes,no,no,no,no,no,yes,yes
prostate,60_or_over,male,adeno,well,no,no,no,no,no,no,no,no,no,no,no,no,yes
prostate,60_or_over,male,adeno,?,no,no,no,no,no,yes,no,no,no,no,no,no,yes
ovary,30_to_59,female,adeno,well,no,no,no,yes,yes,no,no,no,no,no,no,no,no
ovary,30_to_59,female,adeno,well,no,no,no,yes,yes,no,no,no,no,no,no,no,no
ovary,30_to_59,female,adeno,well,no,no,no,no,yes,yes,no,no,no,no,no,no,no
ovary,30_to_59,female,adeno,well,no,no,no,no,yes,no,no,yes,no,no,no,no,no
ovary,30_to_59,female,adeno,well,no,no,no,no,yes,no,no,no,no,no,no,no,no
ovary,30_to_59,female,adeno,well,no,no,no,no,yes,no,no,no,no,no,no,no,no
ovary,30_to_59,female,adeno,well,no,no,no,no,yes,no,no,no,no,no,no,no,no
ovary,30_to_59,female,adeno,fairly,no,no,no,yes,yes,no,no,no,no,no,no,no,no
ovary,30_to_59,female,adeno,poorly,no,no,no,no,yes,yes,no,no,no,no,no,no,no
ovary,30_to_59,female,adeno,?,no,no,no,yes,yes,no,no,no,no,no,no,no,no
ovary,30_to_59,female,adeno,?,no,no,no,yes,yes,no,no,no,no,no,no,no,no
ovary,30_to_59,female,adeno,?,no,no,no,yes,yes,no,no,no,no,no,no,no,no
ovary,30_to_59,female,adeno,?,no,no,no,yes,yes,no,no,no,no,no,no,no,no
ovary,30_to_59,female,adeno,?,no,no,no,yes,no,no,no,no,no,no,no,no,yes
ovary,30_to_59,female,adeno,?,no,no,no,yes,no,no,no,no,no,no,no,no,no
ovary,30_to_59,female,adeno,?,no,no,no,yes,no,no,no,no,no,no,no,no,no
ovary,30_to_59,female,adeno,?,no,no,no,no,yes,yes,no,yes,no,no,no,no,yes
ovary,30_to_59,female,adeno,?,no,no,no,no,yes,yes,no,no,no,yes,no,yes,yes
ovary,30_to_59,female,adeno,?,no,no,no,no,yes,no,no,no,no,no,no,no,yes
ovary,30_to_59,female,adeno,?,no,no,no,no,yes,no,no,no,no,no,no,no,yes
ovary,30_to_59,female,adeno,?,no,no,no,no,yes,no,no,no,no,no,no,no,no
ovary,30_to_59,female,adeno,?,no,no,no,no,yes,no,no,no,no,no,no,no,no
ovary,30_to_59,female,adeno,?,no,no,no,no,yes,no,no,no,no,no,no,no,no
ovary,30_to_59,female,adeno,?,no,no,no,no,no,yes,no,no,no,no,no,no,no
ovary,30_to_59,female,?,?,no,no,no,no,yes,no,no,no,no,no,no,no,yes
ovary,60_or_over,female,adeno,well,no,no,no,no,yes,no,no,no,no,no,no,no,no
ovary,60_or_over,female,adeno,poorly,no,no,yes,no,yes,yes,no,no,no,no,no,no,yes
ovary,60_or_over,female,adeno,poorly,no,no,no,yes,yes,no,no,no,no,no,no,no,no
ovary,60_or_over,female,?,poorly,no,no,no,no,no,no,no,no,no,no,no,no,yes
corpus_uteri,30_to_59,female,adeno,well,yes,no,no,no,no,no,no,no,no,no,no,no,no
corpus_uteri,30_to_59,female,adeno,fairly,no,no,no,no,no,no,no,no,no,no,no,no,yes
corpus_uteri,30_to_59,female,adeno,?,no,no,yes,no,no,yes,no,no,no,no,no,no,yes
corpus_uteri,30_to_59,female,adeno,?,no,no,no,no,yes,yes,no,no,no,no,no,yes,yes
corpus_uteri,60_or_over,female,adeno,poorly,yes,no,no,no,no,no,no,no,no,no,no,no,yes
corpus_uteri,60_or_over,female,adeno,?,no,no,yes,yes,yes,no,no,no,no,no,no,no,yes
cervix_uteri,30_to_59,female,adeno,fairly,yes,no,no,no,no,no,no,no,no,no,no,no,yes
cervix_uteri,30_to_59,female,adeno,?,no,no,yes,no,no,yes,no,no,no,no,no,yes,yes
vagina,30_to_59,female,epidermoid,?,yes,no,yes,no,yes,yes,no,no,no,no,no,no,yes
breast,under_30,male,adeno,poorly,no,no,yes,no,no,no,no,no,yes,yes,yes,no,no
breast,under_30,female,adeno,?,yes,no,no,no,no,no,no,no,no,no,yes,no,no
breast,30_to_59,female,adeno,fairly,yes,no,no,yes,no,no,no,no,no,yes,yes,yes,yes
breast,30_to_59,female,adeno,fairly,no,no,no,no,yes,no,no,yes,yes,yes,yes,no,no
breast,30_to_59,female,adeno,poorly,no,no,no,no,yes,yes,no,no,no,no,yes,yes,yes
breast,30_to_59,female,adeno,?,yes,yes,no,no,yes,yes,no,no,no,no,yes,no,no
breast,30_to_59,female,adeno,?,yes,no,no,yes,no,yes,no,no,yes,yes,yes,yes,yes
breast,30_to_59,female,adeno,?,yes,no,no,yes,no,no,no,yes,yes,yes,yes,yes,no
breast,30_to_59,female,adeno,?,yes,no,no,yes,no,no,no,no,no,no,no,no,no
breast,30_to_59,female,adeno,?,yes,no,no,no,no,no,no,no,no,yes,yes,no,no
breast,30_to_59,female,adeno,?,yes,no,no,no,no,no,no,no,no,no,yes,no,no
breast,30_to_59,female,adeno,?,yes,no,no,no,no,no,no,no,no,no,no,no,no
breast,30_to_59,female,adeno,?,no,no,yes,yes,yes,no,no,no,no,yes,no,no,no
breast,30_to_59,female,adeno,?,no,no,no,yes,no,no,no,yes,no,no,yes,no,no
breast,30_to_59,female,adeno,?,no,no,no,no,no,no,no,no,no,no,yes,no,no
breast,30_to_59,female,adeno,?,no,no,no,no,no,no,no,no,no,no,yes,no,no
breast,30_to_59,female,adeno,?,no,no,no,no,no,no,no,no,no,no,yes,no,no
breast,30_to_59,female,adeno,?,no,no,no,no,no,no,no,no,no,no,yes,no,no
breast,30_to_59,female,adeno,?,no,no,no,no,no,no,no,no,no,no,yes,no,no
breast,30_to_59,female,adeno,?,no,no,no,no,no,no,no,no,no,no,yes,no,no
breast,30_to_59,female,adeno,?,no,no,no,no,no,no,no,no,no,no,yes,no,no
breast,30_to_59,female,?,?,yes,no,no,no,no,no,no,no,no,yes,yes,no,no
breast,60_or_over,female,adeno,fairly,no,no,no,no,no,no,no,no,yes,yes,yes,no,no
breast,60_or_over,female,adeno,fairly,no,no,no,no,no,no,no,no,no,yes,yes,no,no
