Area;MajorAxisLength;MinorAxisLength;Eccentricity;ConvexArea;Extent;Perimeter;Class
87524;442.24601139999999;253.291155;0.81973839199999998;90546;0.75865057899999999;1184.04;Kecimen
75166;406.69068700000003;243.0324363;0.80180523400000003;78789;0.68412956999999996;1121.7860000000001;Kecimen
90856;442.2670483;266.32831770000001;0.79835361900000001;93717;0.63761281199999997;1208.575;Kecimen
45928;286.5405586;208.76004230000001;0.68498921700000004;47336;0.69959938499999996;844.16200000000003;Kecimen
79408;352.19076990000002;290.82753289999999;0.56401133000000003;81463;0.79277192600000002;1073.251;Kecimen
49242;318.125407;200.12212;0.77735127699999995;51368;0.65845635400000002;881.83600000000001;Kecimen
42492;310.14607150000001;176.13144940000001;0.82309868100000005;43904;0.66589356200000005;823.79600000000005;Kecimen
60952;332.45547160000001;235.429835;0.70605751800000005;62329;0.74359819000000005;933.36599999999999;Kecimen
42256;323.18960720000001;172.5759261;0.84549878899999997;44743;0.698030924;849.72799999999995;Kecimen
64380;366.96484229999999;227.77161469999999;0.78405562600000001;66125;0.66437571600000001;981.54399999999998;Kecimen
80437;449.45458109999998;232.32550639999999;0.85604251799999997;84460;0.67423575700000005;1176.3050000000001;Kecimen
43725;301.32221759999999;186.95062949999999;0.78425845199999999;45021;0.697068248;818.87300000000005;Kecimen
43441;276.61082879999998;201.81313549999999;0.68388233700000001;45133;0.69085559799999996;803.74800000000005;Kecimen
76792;338.85754539999999;291.35920170000003;0.510583813;78842;0.77232223700000002;1042.77;Kecimen
74167;387.79893070000003;247.85812279999999;0.76908973800000002;76807;0.68018158500000003;1084.729;Kecimen
33565;261.55433110000001;167.70849079999999;0.76737427499999999;35794;0.68155052000000005;751.41300000000001;Kecimen
64670;403.0839752;206.48464369999999;0.85882916799999998;66419;0.75677256999999998;1028.4449999999999;Kecimen
64762;354.29393959999999;235.75246290000001;0.74647372599999995;66713;0.69499801500000002;981.50900000000001;Kecimen
43295;304.2844667;182.81103680000001;0.79940695900000003;44714;0.71383818899999996;814.68;Kecimen
70699;418.69857230000002;216.5960537;0.85579939199999999;72363;0.72807505400000005;1061.3209999999999;Kecimen
69726;354.17691239999999;252.52920800000001;0.701160962;71849;0.73439853399999999;1035.501;Kecimen
57346;330.47843849999998;222.4437485;0.73955502699999998;59365;0.72360883300000001;928.27200000000005;Kecimen
82028;397.11497589999999;268.3337727;0.73716936700000002;84427;0.686375085;1106.355;Kecimen
61251;301.5077895;273.65994139999998;0.41975370699999998;64732;0.64359567100000004;971.76900000000001;Kecimen
96277;447.1345225;275.21615420000001;0.78812840500000003;97865;0.70405715700000004;1181.921;Kecimen
75620;368.22428439999999;263.45925540000002;0.698627251;77493;0.72627737199999998;1059.1859999999999;Kecimen
73167;340.05521800000002;276.01517719999998;0.58410580999999995;74545;0.77873685599999998;1010.474;Kecimen
60847;336.92386959999999;231.46569589999999;0.72666022900000005;62492;0.69858783000000002;964.60299999999995;Kecimen
81021;347.75005829999998;297.6406265;0.51713493099999996;82552;0.75755960700000002;1063.8679999999999;Kecimen
59902;358.59191479999998;222.90202729999999;0.78333195799999999;63250;0.744124224;982.78800000000001;Kecimen
88745;429.770355;265.69023609999999;0.78600948800000003;90715;0.75206352399999998;1162.877;Kecimen
41809;307.53273919999998;175.08556799999999;0.82211369499999998;43838;0.69744436700000001;828.697;Kecimen
75329;364.23077979999999;265.86686350000002;0.68351049900000005;77541;0.72307972899999995;1075.7919999999999;Kecimen
61600;350.18275449999999;225.84277130000001;0.76424307499999999;63397;0.746829611;972.47199999999998;Kecimen
46427;253.8420284;235.90682409999999;0.36921245899999999;48275;0.68421905900000002;844.31200000000001;Kecimen
40861;249.7402266;213.57327179999999;0.51832833;43096;0.74308940099999998;784.91200000000003;Kecimen
55827;305.29884299999998;234.6612245;0.63969607699999997;57724;0.70328798199999998;926.09500000000003;Kecimen
54182;366.06667420000002;192.013274;0.85139142499999998;56450;0.61141767400000002;968.72900000000004;Kecimen
77468;405.9365937;245.9897977;0.795479241;79220;0.72154539699999998;1100.6759999999999;Kecimen
49882;287.26432720000003;222.1858727;0.63385188400000003;50880;0.76637782700000001;843.76400000000001;Kecimen
95245;397.09411399999999;307.2739224;0.63342231500000001;97988;0.75304395999999996;1201.3900000000001;Kecimen
71464;364.10308959999998;253.7969272;0.71702554299999999;73265;0.71548427100000001;1036.94;Kecimen
77055;375.25013189999999;262.8124219;0.71378393799999995;79255;0.73226707700000004;1095.2829999999999;Kecimen
92384;368.40621379999999;320.7145792;0.49208693399999998;93772;0.74900682699999999;1135.662;Kecimen
77310;436.52989889999998;228.2803725;0.85236748900000003;80138;0.63172086900000002;1141.1890000000001;Kecimen
57580;330.22837479999998;232.05538720000001;0.711474579;60232;0.64510346500000004;992.11400000000003;Kecimen
69708;375.44727979999999;239.13277529999999;0.77092353400000002;71321;0.72717789300000002;1022.568;Kecimen
41502;260.51267530000001;205.86502379999999;0.61280991100000004;43114;0.82431922499999999;790.42700000000002;Kecimen
45800;330.00868320000001;181.66586480000001;0.83484298700000004;47802;0.73268277100000001;870.38699999999994;Kecimen
52623;311.99675789999998;218.0411235;0.71526140000000005;54175;0.67519053600000001;902.62400000000002;Kecimen
44939;317.61671189999998;183.31521470000001;0.81663208200000004;46400;0.65617790499999995;845.78599999999994;Kecimen
114648;508.12893259999998;288.95398119999999;0.82257079399999999;118314;0.68190496599999995;1340.8969999999999;Kecimen
65727;403.1942717;210.07326420000001;0.85354297800000001;67372;0.61698113200000004;1030.155;Kecimen
45683;333.26253209999999;177.7720961;0.84584447299999999;48787;0.63423065700000003;901.10199999999998;Kecimen
111450;478.31097080000001;298.63059199999998;0.78114950599999999;113256;0.69009287900000005;1298.1880000000001;Kecimen
47581;306.81187469999998;203.09750199999999;0.74953826199999996;49203;0.66777539200000002;861.58;Kecimen
57127;311.64457750000003;238.64192059999999;0.64313802399999997;59943;0.69362554600000004;952.02300000000002;Kecimen
53006;333.38136980000002;206.88070809999999;0.78416474700000005;55456;0.691695375;936.37099999999998;Kecimen
69060;328.48886119999997;275.88886480000002;0.54278324700000002;72223;0.72702389700000003;1039.5509999999999;Kecimen
25387;225.62954099999999;144.618672;0.76757738600000003;26139;0.67814403199999995;619.07399999999996;Kecimen
66774;348.55797469999999;246.47625690000001;0.70708225300000005;69097;0.692446491;1003.374;Kecimen
47839;312.60132909999999;198.75129889999999;0.77185549600000003;50166;0.70277059600000003;868.06;Kecimen
78571;443.82229080000002;228.75761460000001;0.85693400200000003;81718;0.64219276199999997;1157.33;Kecimen
64717;342.57671049999999;245.7320369;0.69675916199999999;66649;0.66254095000000002;997.98900000000003;Kecimen
60462;373.34284630000002;208.1086262;0.83023091400000004;62213;0.66568311199999997;990.54700000000003;Kecimen
59370;345.94920489999998;221.92195670000001;0.767133811;61464;0.69748590200000005;981.51700000000005;Kecimen
54056;332.2676409;208.6190158;0.77832276199999995;55539;0.67455325899999996;912.15300000000002;Kecimen
89235;443.51593530000002;258.94673929999999;0.81186161499999998;91201;0.65519064299999996;1179.694;Kecimen
51727;321.12714219999998;208.76675750000001;0.75984332799999998;52913;0.751889645;903.30799999999999;Kecimen
71595;387.3096951;236.75118459999999;0.79142135700000005;74045;0.71853673200000001;1069.77;Kecimen
95347;451.52615420000001;280.22615339999999;0.78411149599999996;99256;0.67495611099999997;1255.2449999999999;Kecimen
60449;383.80024980000002;208.16878320000001;0.84012789499999996;64346;0.67634488000000004;1054.1980000000001;Kecimen
69006;379.31784620000002;241.8502909;0.77037363999999997;72895;0.69745300200000004;1086.857;Kecimen
68520;373.23563799999999;237.0415232;0.77243087399999999;70759;0.712858926;1049.0930000000001;Kecimen
52731;309.97728640000003;219.72535250000001;0.70536589000000005;54438;0.69587996200000002;894.48;Kecimen
50570;311.3447951;208.3178983;0.74318077999999999;51743;0.720863268;873.77700000000004;Kecimen
75825;391.2043013;248.50027119999999;0.77233234900000003;77437;0.74537000600000003;1081.3389999999999;Kecimen
42637;293.42958019999998;189.43215760000001;0.76369296900000005;44052;0.72511904800000004;814.18200000000002;Kecimen
76984;425.04818560000001;233.97344240000001;0.83485933899999998;78641;0.75875459499999998;1091.7539999999999;Kecimen
47851;323.15251890000002;191.6109615;0.80524457699999996;49187;0.77323702400000005;860.40200000000004;Kecimen
51220;328.6476055;202.50887539999999;0.78759871199999998;52903;0.69247096699999999;896.72799999999995;Kecimen
53890;331.08631969999999;216.57945580000001;0.75636656899999999;57109;0.70444444399999995;957.13199999999995;Kecimen
58650;346.33895819999998;219.68436489999999;0.77308329600000003;62380;0.660287081;991.61199999999997;Kecimen
98935;387.51693770000003;326.89872350000002;0.53701493300000003;100747;0.74042059599999999;1176.5999999999999;Kecimen
77587;396.80756630000002;251.94491980000001;0.77256989399999998;79970;0.70386464699999995;1100.836;Kecimen
180898;843.95665340000005;323.19056879999999;0.92377036400000001;221396;0.45418892900000002;2253.5569999999998;Kecimen
71266;390.707154;235.68680330000001;0.79756626100000005;73002;0.66062887000000003;1034.183;Kecimen
39457;267.55694060000002;188.7651659;0.708695988;40472;0.69757615399999995;755.822;Kecimen
35237;267.55377859999999;173.52510319999999;0.76116218300000005;37418;0.70683222300000004;750.90899999999999;Kecimen
49059;301.80039820000002;210.4672152;0.71670913199999997;50835;0.69860731399999998;867.58199999999999;Kecimen
53896;319.07202260000003;217.6957013;0.73109318499999998;55392;0.74594474899999996;889.62599999999998;Kecimen
56469;325.34142500000002;225.11502379999999;0.72196008199999995;58697;0.68573614400000005;933.89599999999996;Kecimen
85156;422.2791325;260.21062269999999;0.7875856;87057;0.70256088699999997;1140.684;Kecimen
67044;361.25537220000001;238.2264457;0.751756706;68626;0.75694350399999999;989.01599999999996;Kecimen
52243;331.45114690000003;206.75959879999999;0.78158310799999997;55774;0.71443418800000003;934.54700000000003;Kecimen
38968;269.40202069999998;185.72756820000001;0.72437445499999997;40147;0.73758328299999998;769.24199999999996;Kecimen
79661;360.0734473;282.73903159999998;0.61920928099999994;81032;0.77915688599999999;1045.6579999999999;Kecimen
59282;329.24256550000001;233.7746492;0.70416361599999999;60580;0.72592574499999996;920.57299999999998;Kecimen
48177;305.78450299999997;202.46619380000001;0.74939736999999995;49877;0.67764259100000002;860.548;Kecimen
74904;342.8963104;280.11556810000002;0.57676457000000003;75898;0.73174162799999998;1012.365;Kecimen
81581;424.27831459999999;245.50747380000001;0.81557793999999995;83143;0.76238225199999998;1114.7360000000001;Kecimen
57820;376.19117440000002;199.7971077;0.84730585599999997;59968;0.71478020099999995;978.85;Kecimen
57808;309.97165710000002;241.3665105;0.62743016200000001;58954;0.71034652200000004;911.85699999999997;Kecimen
55306;353.15460919999998;204.126836;0.816029801;57396;0.74399020699999996;973.25900000000001;Kecimen
59459;347.15515479999999;222.109478;0.76854238500000005;61585;0.70961928600000002;966.32899999999995;Kecimen
44247;319.79030820000003;178.64794309999999;0.829409642;45872;0.67763722100000001;842.12099999999998;Kecimen
48945;269.37041119999998;239.16216560000001;0.46012120899999998;51456;0.71124447800000001;872.28899999999999;Kecimen
68864;343.6762094;261.98843859999999;0.64720991999999999;71726;0.69834702400000004;1035.0219999999999;Kecimen
82826;396.7059122;269.76285510000002;0.73320548399999996;84981;0.74543474499999995;1115.8109999999999;Kecimen
65396;331.53844459999999;253.24296620000001;0.64540336399999998;66783;0.76482971600000005;975.42499999999995;Kecimen
81572;393.71617600000002;265.81461239999999;0.73768712800000003;84964;0.69827084399999995;1187.338;Kecimen
44367;322.50401859999999;176.7089727;0.83652551500000005;46531;0.732999603;883.97299999999996;Kecimen
51448;328.28956799999997;202.16036980000001;0.78790333099999998;52772;0.70480574299999998;877.79899999999998;Kecimen
50545;286.87133240000003;227.15971730000001;0.61071267699999998;51771;0.83545454500000005;847.66399999999999;Kecimen
94063;448.12109659999999;276.607844;0.78675815599999999;99085;0.70929381999999996;1259.451;Kecimen
84129;413.03455980000001;261.64308649999998;0.77377104900000004;86242;0.71383479699999997;1144.973;Kecimen
79735;410.99791929999998;250.22078740000001;0.793313932;83306;0.749044143;1154.54;Kecimen
90176;390.20734099999999;294.76223850000002;0.65526508999999999;91793;0.76254904599999995;1136.6690000000001;Kecimen
61492;356.42602160000001;224.163105;0.77747081200000001;65298;0.69084372500000002;1013.202;Kecimen
79532;367.52600580000001;277.22416190000001;0.65653210200000001;81603;0.73511415099999999;1075.271;Kecimen
69302;354.96366690000002;254.45277089999999;0.69723591900000004;71843;0.70115337899999997;1051.02;Kecimen
52266;320.44256139999999;213.85749960000001;0.74471583399999997;54116;0.68428908099999997;923.19;Kecimen
51180;288.6310651;226.6304906;0.61925376399999998;52396;0.73744272499999997;855.99699999999996;Kecimen
55787;333.7034529;226.95120789999999;0.73312077499999995;59520;0.68859237699999998;977.42499999999995;Kecimen
96064;411.20705340000001;303.2324524;0.67543409399999998;99609;0.73133112600000005;1223.904;Kecimen
54316;351.80526079999999;198.41751959999999;0.82577604500000001;55960;0.65589528100000005;930.62699999999995;Kecimen
70941;326.0111541;278.10265980000003;0.52183497700000003;72330;0.76010929000000005;993.05;Kecimen
55770;293.58066969999999;243.48063440000001;0.55873192900000002;57633;0.74016563099999999;900.10900000000004;Kecimen
47478;299.8185828;205.29609450000001;0.72879271000000001;48900;0.72091469500000005;861.17899999999997;Kecimen
88197;473.28669009999999;238.7384529;0.86345450599999996;90297;0.65845682900000002;1193.28;Kecimen
74728;355.31054899999998;270.74089729999997;0.64759603499999996;76287;0.76667692600000004;1048.675;Kecimen
70788;362.65077029999998;249.40372489999999;0.725972018;71954;0.74615790000000004;1003.769;Kecimen
48894;318.09891149999999;197.4955028;0.78391993800000004;50468;0.66381557499999999;875.17399999999998;Kecimen
52051;313.70326019999999;213.63173750000001;0.73228395700000004;53550;0.69505127700000002;893.45100000000002;Kecimen
53270;336.14888789999998;204.3070754;0.79409975200000005;55288;0.69369205099999998;922.01099999999997;Kecimen
57227;354.43108000000001;207.59498619999999;0.81051833299999998;59307;0.64998182699999996;953.49599999999998;Kecimen
97026;455.97159090000002;273.05380980000001;0.80086904400000003;99561;0.67120473199999997;1212.6669999999999;Kecimen
58495;368.73954250000003;205.75787120000001;0.82983874899999999;61496;0.630103195;998.43700000000001;Kecimen
53758;359.53161249999999;193.4008772;0.84299299500000002;57197;0.71029543900000003;965.06799999999998;Kecimen
110616;461.14455320000002;306.89906500000001;0.74638360999999998;112150;0.75239766600000002;1252.875;Kecimen
49175;281.43142139999998;224.48589630000001;0.60311063899999995;50672;0.72761304500000001;845.12800000000004;Kecimen
53698;348.22323130000001;197.7528973;0.82310365200000002;56089;0.73134125100000003;938.70500000000004;Kecimen
73125;408.94077299999998;231.2190014;0.82481033400000003;75540;0.65651260499999997;1096.751;Kecimen
50445;308.3589121;208.85524520000001;0.73569573799999999;51555;0.72322580599999997;851.63199999999995;Kecimen
46742;303.55520289999998;199.44593269999999;0.75386139299999999;48077;0.70526283999999995;847.79200000000003;Kecimen
69317;393.39899659999998;228.722883;0.81361658800000003;72170;0.66167430299999996;1066.3879999999999;Kecimen
75314;392.65155820000001;246.07567209999999;0.779258691;77118;0.70471217900000005;1073.768;Kecimen
54428;339.11474920000001;206.64582619999999;0.79288719399999996;56175;0.72339181299999999;922.87800000000004;Kecimen
39509;286.23156269999998;180.43736029999999;0.77627902699999995;41446;0.72297247799999997;790.53099999999995;Kecimen
66568;342.25036110000002;249.5505;0.68435811700000004;68078;0.75991735100000002;993.45500000000004;Kecimen
45264;290.5883604;203.31914219999999;0.71445542799999995;48142;0.65691396700000004;879.83199999999999;Kecimen
57980;336.31288799999999;222.60976579999999;0.74958095000000002;59311;0.77729515199999999;925.79499999999996;Kecimen
75114;368.730119;262.47447219999998;0.70234819500000001;77454;0.74091536800000002;1051.2660000000001;Kecimen
78991;362.64086950000001;279.09084009999998;0.63851823699999999;80355;0.70889722499999996;1071.385;Kecimen
76253;364.22556959999997;269.51679150000001;0.67263746700000004;78443;0.72428761399999997;1070.0530000000001;Kecimen
83229;423.84437400000002;253.80907099999999;0.80087908500000005;86345;0.65349403299999997;1153.434;Kecimen
45962;251.13338440000001;235.36807569999999;0.34872964200000001;47173;0.74228036200000003;810.19500000000005;Kecimen
57766;344.737416;215.10978449999999;0.78143907999999995;59834;0.73758267600000005;950.721;Kecimen
39669;252.748198;202.2643597;0.59965271899999995;41860;0.66303966299999995;791.46400000000006;Kecimen
41050;316.84163599999999;167.32833439999999;0.849173815;42965;0.64118584199999995;846.83299999999997;Kecimen
47771;311.52498709999998;197.09084899999999;0.77442587299999999;49237;0.68340939300000003;857.77599999999995;Kecimen
53389;301.84589799999998;228.51669949999999;0.653340582;55158;0.715746997;906.66600000000005;Kecimen
73319;392.36266560000001;239.1884853;0.79270093699999999;75653;0.70956846600000001;1075.279;Kecimen
91831;463.3578718;257.95112769999997;0.830713904;95560;0.71037038200000002;1252.7619999999999;Kecimen
71452;397.96142659999998;239.7987804;0.79806762099999995;73864;0.75183349600000005;1101.502;Kecimen
59970;353.00162490000002;219.68294180000001;0.78275624799999999;61834;0.75582274699999996;978.63099999999997;Kecimen
51683;325.23986780000001;208.91482450000001;0.76641917100000001;54510;0.72844256500000004;928.21699999999998;Kecimen
41283;268.12536060000002;199.63540130000001;0.66755561699999999;42505;0.73238362199999996;798.51499999999999;Kecimen
92735;436.985567;271.57878470000003;0.78342822300000003;94693;0.704122154;1183.4469999999999;Kecimen
44627;297.25932280000001;194.76027769999999;0.75546722499999996;46921;0.67518458000000003;848.48699999999997;Kecimen
84260;411.39736390000002;262.9740989;0.76902255600000002;85978;0.68678273300000003;1157.001;Kecimen
59076;350.48719540000002;216.67932390000001;0.78600257299999998;61643;0.64549825199999999;988.27300000000002;Kecimen
58741;345.4854484;222.3818455;0.76529530700000004;60701;0.71481941199999999;948.23299999999995;Kecimen
68627;411.88852359999998;216.89399990000001;0.85012296300000001;70932;0.73824225499999996;1097.2919999999999;Kecimen
51941;349.22616950000003;191.8173343;0.83564893799999995;53893;0.70899535899999999;912.25900000000001;Kecimen
77161;394.27839169999999;253.21136000000001;0.76652484700000001;82746;0.67190003499999995;1127.4090000000001;Kecimen
85105;382.28999160000001;288.75840720000002;0.65533466200000001;88056;0.77694498700000003;1139.4459999999999;Kecimen
52508;297.6969009;226.2519485;0.64991402300000001;53588;0.75616359399999999;862.77800000000002;Kecimen
39941;251.84773580000001;208.4681478;0.56109014499999998;41594;0.70757157000000004;777.66300000000001;Kecimen
48693;306.57390679999997;204.28062120000001;0.74565339399999997;50298;0.74012767899999998;848.42200000000003;Kecimen
87858;441.22408799999999;255.66222540000001;0.81501596300000001;90905;0.70872658600000005;1176.287;Kecimen
67718;373.92409839999999;233.23320509999999;0.78162807499999998;71102;0.73699447100000004;1024.9929999999999;Kecimen
63968;333.01242130000003;247.8885463;0.66775370999999994;65403;0.75699983400000004;953.44500000000005;Kecimen
43461;333.7059198;169.30953339999999;0.861733321;45669;0.67793411100000001;867.44600000000003;Kecimen
81546;381.34865430000002;273.8100991;0.69603832700000001;82807;0.71171973200000005;1057.4480000000001;Kecimen
43563;296.52216090000002;188.1957136;0.77277775299999996;45174;0.69628386499999995;817.41;Kecimen
36145;280.75765269999999;166.5935504;0.80492883400000004;37401;0.812265444;747.16099999999994;Kecimen
57741;316.4840294;234.28362910000001;0.67230970700000003;58976;0.71271106900000003;906.82899999999995;Kecimen
69024;372.82198670000002;237.65981830000001;0.77048186500000004;70649;0.72104295500000004;1015.771;Kecimen
78982;421.16184850000002;241.6404129;0.81903247800000001;81442;0.75343654900000001;1102.423;Kecimen
78240;401.93008750000001;249.8313709;0.78335134699999998;79677;0.75799263699999997;1059.644;Kecimen
87036;384.96990310000001;289.4539006;0.65929189399999999;88336;0.72789616300000004;1094.5899999999999;Kecimen
37569;232.42784750000001;208.1520065;0.44495009000000002;38874;0.79437137899999999;734.10199999999998;Kecimen
79748;441.93429250000003;231.7175312;0.85151776499999998;81718;0.73844843199999999;1120.963;Kecimen
44156;307.70698220000003;186.09242359999999;0.79639901499999999;45285;0.63360596899999999;820.71400000000006;Kecimen
87302;392.91011680000003;284.17906770000002;0.69056810499999999;89605;0.73824584000000004;1122.1600000000001;Kecimen
69312;373.80310530000003;237.1945766;0.77288661000000003;70719;0.70615563299999995;1001.236;Kecimen
86545;350.1278744;315.71952049999999;0.43230734500000001;87512;0.78588681800000004;1070.0619999999999;Kecimen
59729;337.04347530000001;231.8092351;0.725926293;62511;0.683711081;966.43799999999999;Kecimen
59822;336.58406960000002;227.94953910000001;0.73575850300000001;60648;0.70028680099999996;916.04399999999998;Kecimen
63452;334.84598829999999;243.23648059999999;0.68725842699999995;64925;0.73531729499999998;945.52300000000002;Kecimen
61996;333.74763960000001;243.540245;0.68375275400000002;63641;0.67313789400000001;958.62699999999995;Kecimen
74763;391.227169;245.54202029999999;0.77851978600000005;77508;0.68611309899999995;1063.377;Kecimen
73193;401.07230199999998;235.8289934;0.808863683;75563;0.74011567899999997;1050.9090000000001;Kecimen
66508;344.90452010000001;249.08978210000001;0.691685086;69240;0.70301467200000001;1001.7140000000001;Kecimen
74849;379.92502580000001;252.61711779999999;0.74692074600000002;76154;0.73539265700000001;1040.788;Kecimen
38585;274.44507829999998;180.95755919999999;0.75182911799999996;39926;0.69659330900000005;762.43899999999996;Kecimen
61377;339.7334965;234.0242375;0.72490721400000002;64027;0.70561252600000002;975.553;Kecimen
39547;259.42262529999999;198.46553119999999;0.64399720599999999;40765;0.73338402199999997;763.97900000000004;Kecimen
49998;301.78070709999997;212.326943;0.71061581900000004;50857;0.77929486599999997;834.32799999999997;Kecimen
49063;294.74828680000002;217.91310899999999;0.67335496800000005;50732;0.65881136500000004;869.79499999999996;Kecimen
46961;343.78852769999997;177.1367946;0.85704035499999998;48476;0.61463255000000006;891.52800000000002;Kecimen
57271;372.69912360000001;196.97613509999999;0.84892553699999995;58786;0.76915122199999997;949.93600000000004;Kecimen
58909;347.3439411;218.12279050000001;0.77823472199999999;60379;0.70425717600000004;944.87900000000002;Kecimen
51336;321.88443819999998;206.1461473;0.76801215099999998;53944;0.74260089699999998;898.54600000000005;Kecimen
62422;324.55696130000001;247.70786699999999;0.64614051800000005;64021;0.71606212899999999;947.54100000000005;Kecimen
48447;331.0510122;189.9172045;0.81907981500000004;49996;0.62561500000000003;883.04399999999998;Kecimen
64364;376.66247010000001;221.65510090000001;0.80851801499999998;67510;0.65474446600000002;1057.8969999999999;Kecimen
72915;414.71807269999999;229.55576980000001;0.832834246;76912;0.679771405;1131.096;Kecimen
49414;290.458237;219.41824349999999;0.65523977;51029;0.71103372899999995;869.18799999999999;Kecimen
45723;291.1972864;203.02022070000001;0.71688511099999996;48658;0.64882928900000003;875.76400000000001;Kecimen
64988;371.35362750000002;226.90993409999999;0.79160385;67847;0.67011754999999995;1048.1859999999999;Kecimen
56709;293.40849800000001;247.71659579999999;0.53591482099999999;58143;0.77828557300000001;904.50800000000004;Kecimen
93559;438.63435349999997;275.58297349999998;0.77799138499999998;95750;0.68706993400000005;1198.259;Kecimen
81916;398.32655299999999;265.41810850000002;0.74565433999999997;85615;0.66307268900000005;1113.144;Kecimen
79274;406.97622580000001;255.21782709999999;0.77893275299999998;81976;0.70838545900000005;1110.3779999999999;Kecimen
88724;446.43045569999998;260.37875409999998;0.81229561400000005;92630;0.656529107;1216.5350000000001;Kecimen
65469;374.46623119999998;227.5389974;0.79421598400000004;68018;0.71443849100000001;1020.029;Kecimen
75799;340.98270930000001;289.15046999999998;0.53000968100000001;79230;0.74110032400000003;1065.191;Kecimen
76741;383.98216309999998;258.1339883;0.74031953100000003;79198;0.74520295199999997;1056.74;Kecimen
54219;344.2908319;204.4966891;0.80449091399999995;56526;0.68849523800000001;931.43;Kecimen
52693;283.50423869999997;242.11395440000001;0.52026527899999997;54860;0.73774921599999999;895.745;Kecimen
84539;441.52889019999998;248.3743168;0.826775225;87728;0.68757726600000002;1169.9829999999999;Kecimen
34559;264.51516750000002;168.9830565;0.76933903599999998;36516;0.664187423;750.36500000000001;Kecimen
49715;302.34739059999998;213.36451109999999;0.70851749799999997;52250;0.65010722899999995;877.43;Kecimen
39716;243.0382802;210.11405690000001;0.50257999499999995;40598;0.77943283299999999;737.46799999999996;Kecimen
46845;264.9672544;225.842499;0.52298617000000003;47739;0.759090614;799.99099999999999;Kecimen
52547;358.36571909999998;189.2067438;0.84926233600000001;54649;0.70340276300000004;929.471;Kecimen
41593;310.6748925;178.3232873;0.818864551;44753;0.57266969599999995;870.06299999999999;Kecimen
44460;294.62413199999997;197.55657740000001;0.741875489;47486;0.64742544300000004;849.22500000000002;Kecimen
51145;317.34823749999998;211.02559170000001;0.74687418100000003;53531;0.71005136700000004;895.04;Kecimen
43345;323.85921389999999;175.18574459999999;0.84106646399999996;46785;0.64927575299999996;877.02;Kecimen
53987;331.35065859999997;213.16744560000001;0.76558994400000002;56076;0.673221768;931.11699999999996;Kecimen
59514;368.63790929999999;209.1269246;0.82351375199999999;61469;0.75515797500000004;968.36;Kecimen
85739;380.37037850000002;288.2561589;0.65245183100000004;87052;0.76215154299999999;1094.576;Kecimen
56096;313.3863101;232.28243990000001;0.67128247600000002;58701;0.71176978099999999;929.11500000000001;Kecimen
46120;300.09715840000001;201.20631359999999;0.74193612399999997;49996;0.62897198799999998;907.02499999999998;Kecimen
57676;333.97004989999999;222.27445660000001;0.74635142399999999;58991;0.68866865700000002;926.255;Kecimen
62064;352.36867039999998;227.86414439999999;0.76277495500000003;64811;0.65056603800000001;1004.245;Kecimen
50274;305.39725579999998;212.27344719999999;0.71893897500000004;52016;0.68750769199999995;868.95100000000002;Kecimen
77225;362.13734579999999;277.0098428;0.64411301499999996;80872;0.73248347199999997;1110.44;Kecimen
45598;259.89626509999999;225.6562198;0.496118267;47266;0.74128625299999995;813.27599999999995;Kecimen
38545;283.98753900000003;175.42051470000001;0.78640992399999998;39765;0.76043639500000004;770.59;Kecimen
39439;246.7636115;212.63539299999999;0.50742366299999997;42795;0.646827284;793.005;Kecimen
74109;416.71271710000002;230.5595405;0.83299418199999997;78032;0.70645936200000004;1095.0550000000001;Kecimen
41755;296.78837609999999;184.19137720000001;0.78411528100000005;43362;0.69133083900000003;804.55899999999997;Kecimen
61463;369.39974549999999;213.6196205;0.81583234999999998;63117;0.78677675400000002;966.49300000000005;Kecimen
43743;300.90633500000001;185.85123179999999;0.78646240700000003;44836;0.67008272099999999;802.26099999999997;Kecimen
73499;346.05108239999998;275.51390730000003;0.60507901500000005;76355;0.73124602000000005;1050.0119999999999;Kecimen
40403;289.25931639999999;179.22338339999999;0.78492233700000003;41209;0.72220434700000002;761.94899999999996;Kecimen
62343;348.2887882;232.82004040000001;0.74374056700000002;63897;0.70562069900000002;979.447;Kecimen
46008;296.87928419999997;212.0277194;0.69995359400000001;48762;0.69527897000000005;860.58;Kecimen
43495;271.6466724;205.1640687;0.65542444600000005;44535;0.75402191200000002;785.84299999999996;Kecimen
50649;327.11099480000001;199.54091969999999;0.79239385200000001;52462;0.76629448099999997;875.26700000000005;Kecimen
61235;349.02641290000003;226.8031;0.76009117800000003;63504;0.71872065699999999;974.07899999999995;Kecimen
78883;395.10009710000003;256.96496589999998;0.75960952500000001;80973;0.67844671899999998;1092.7090000000001;Kecimen
58734;367.48394619999999;205.02108029999999;0.82990491300000002;59845;0.75747688300000005;945.19100000000003;Kecimen
68253;388.45472289999998;224.73169089999999;0.81566296800000004;70347;0.746130132;1042.2570000000001;Kecimen
62401;394.39750049999998;203.13868679999999;0.85715365399999999;64722;0.74008491899999995;1004.349;Kecimen
73046;397.33816359999997;234.82824059999999;0.80666900100000005;74242;0.69065088299999999;1037.3989999999999;Kecimen
54968;300.95443230000001;234.38956999999999;0.62724649899999996;56851;0.75133952999999998;893.64400000000001;Kecimen
84057;452.7756953;245.2199818;0.84064107600000004;86710;0.62201781899999997;1179.0239999999999;Kecimen
90178;466.24938700000001;250.1043018;0.843952802;92321;0.75200346900000004;1180.4780000000001;Kecimen
67883;383.18901770000002;233.35667340000001;0.79318111800000002;70360;0.69781044400000003;1030.8689999999999;Kecimen
43901;304.10034949999999;191.29827349999999;0.77735433399999998;46443;0.64874170600000003;884.495;Kecimen
33662;227.29379170000001;191.10903830000001;0.54134302000000001;34787;0.79299865700000005;699.41499999999996;Kecimen
77043;388.69272740000002;257.54629019999999;0.74897689700000003;80094;0.72693048000000005;1112.212;Kecimen
64875;393.21466400000003;212.95482380000001;0.84065310500000001;67701;0.77052354000000001;1014.789;Kecimen
42609;280.14901650000002;200.27187409999999;0.69925100600000001;44944;0.67312796200000002;840.16700000000003;Kecimen
79510;380.71919339999999;267.0341186;0.712773879;81779;0.73159735000000004;1075.307;Kecimen
58857;320.81190809999998;235.38604530000001;0.67945218500000004;60597;0.69036420200000004;927.048;Kecimen
67754;349.19713780000001;251.67963779999999;0.69320759700000001;69536;0.65526112199999997;1032.3579999999999;Kecimen
54842;308.23244349999999;227.25773150000001;0.67557272999999995;55879;0.73819522999999998;887.10900000000004;Kecimen
78352;408.80968810000002;245.44080890000001;0.79971550499999999;80474;0.68427303799999994;1099.5119999999999;Kecimen
72447;401.74204020000002;231.53723690000001;0.81721487599999998;74481;0.70910372200000005;1055.3019999999999;Kecimen
58239;324.29506259999999;230.99725810000001;0.70186923999999995;59977;0.72119028200000002;940.22;Kecimen
93879;409.48690699999997;292.91609890000001;0.69879222500000004;96072;0.76766892099999995;1174.1659999999999;Kecimen
68129;381.17548959999999;230.05602049999999;0.79733001000000003;70141;0.65970446999999999;1050.867;Kecimen
74426;411.69682030000001;231.7495984;0.82651597899999996;76449;0.67945370599999999;1071.6120000000001;Kecimen
60650;324.36162669999999;242.2285019;0.66506517200000004;62580;0.72154278100000002;941.48599999999999;Kecimen
136340;722.85391719999996;311.34135509999999;0.90248976199999997;176818;0.52977404800000005;2098.2629999999999;Kecimen
65051;381.21395030000002;218.2168451;0.81995625999999999;66476;0.64435639600000005;1002.035;Kecimen
72219;376.65049249999998;249.52945439999999;0.74906542799999998;74373;0.77779453099999996;1050.221;Kecimen
81405;421.09489280000003;248.08676539999999;0.80802592100000004;83634;0.71372834399999996;1148.6510000000001;Kecimen
70196;373.19764709999998;243.8811053;0.75693474400000005;71937;0.69078992699999997;1024.2560000000001;Kecimen
69120;352.01140299999997;250.8148535;0.70165269900000005;70274;0.703439853;978.43399999999997;Kecimen
56327;297.76572470000002;241.93442569999999;0.58296224699999999;58178;0.72773901799999996;915.49599999999998;Kecimen
54983;292.8989067;248.40802009999999;0.52983369199999997;58095;0.72527371100000004;921.61300000000006;Kecimen
105020;440.38963109999997;306.10528859999999;0.71893401499999998;107423;0.71461622199999997;1228.366;Kecimen
36113;257.64185270000002;181.15707879999999;0.71105609000000003;37442;0.694480769;737.63699999999994;Kecimen
87429;408.9260276;273.8879417;0.74256518199999999;89063;0.70357464800000002;1120.019;Kecimen
57785;314.43097710000001;236.18303499999999;0.660138051;58867;0.73286576699999995;903.76900000000001;Kecimen
69846;368.45070959999998;243.97516210000001;0.74935807200000004;72585;0.67672363700000004;1040.7159999999999;Kecimen
81456;404.31639369999999;258.89200620000003;0.76810798499999999;83499;0.72547203400000004;1103.153;Kecimen
61959;339.58501810000001;234.69793630000001;0.72272893500000002;64424;0.71204146400000001;970.75400000000002;Kecimen
61730;376.1885565;210.6115221;0.82858973999999996;63756;0.63218802799999996;989.49900000000002;Kecimen
62835;421.16933840000002;191.16986220000001;0.89105130099999996;64406;0.78614503099999999;1018.553;Kecimen
52651;340.81695680000001;204.432884;0.80012604499999995;56217;0.68350404399999998;915.93899999999996;Kecimen
67093;353.10987189999997;243.0010336;0.72554568699999999;68383;0.76069160999999996;972.971;Kecimen
45160;270.55537659999999;220.11867229999999;0.58145180900000004;46805;0.68607194900000001;833.11699999999996;Kecimen
58989;362.66810850000002;209.5097184;0.81625629;60916;0.73278260900000003;950.71699999999998;Kecimen
44007;359.37550270000003;161.7023657;0.89305184400000004;48490;0.64474397500000002;901.17;Kecimen
65062;344.30979400000001;242.6836332;0.70936540100000001;65825;0.76921803700000002;948.88900000000001;Kecimen
38724;291.00109170000002;170.77626670000001;0.80969000099999999;40133;0.780883243;769.69100000000003;Kecimen
63514;368.78630650000002;221.24094830000001;0.80006270400000001;65057;0.66384464200000004;977.08500000000004;Kecimen
46403;306.30414309999998;196.6171927;0.76678682099999995;48631;0.63763157199999998;843.96;Kecimen
55746;280.31312430000003;254.60033039999999;0.41838197199999999;56989;0.73065429400000004;875.65899999999999;Kecimen
38153;265.04022620000001;184.8022541;0.71681718900000002;39564;0.682497943;754.02200000000005;Kecimen
66094;323.18771629999998;261.01191110000002;0.58970729600000005;67032;0.73871980900000001;944.71299999999997;Kecimen
57303;330.0249642;221.9197863;0.74015769499999995;58973;0.71676235499999996;919.04399999999998;Kecimen
61289;376.37518710000001;208.72780979999999;0.832134559;63997;0.63947955999999995;998.47;Kecimen
55114;317.17232519999999;222.75345290000001;0.71187075200000005;56849;0.71425424100000001;909.60400000000004;Kecimen
45567;278.50219609999999;216.7666389;0.62785529600000001;49075;0.71407080099999998;854.72400000000005;Kecimen
72215;380.41477620000001;244.0280812;0.76714061499999997;74175;0.72092442800000001;1048.4860000000001;Kecimen
65495;365.31900430000002;230.52555229999999;0.77576221099999998;67299;0.69794330800000004;989.58100000000002;Kecimen
34977;267.73773870000002;170.83724620000001;0.76997270399999995;37747;0.66948033299999998;754.36599999999999;Kecimen
76407;373.44242609999998;264.47430400000002;0.70600548299999999;79086;0.73125143599999998;1074.702;Kecimen
66998;338.58664049999999;257.34382019999998;0.649860993;69844;0.75760454099999996;1006.22;Kecimen
57310;351.39648099999999;209.88122820000001;0.80203462000000003;59225;0.69983270399999997;940.41300000000001;Kecimen
79106;404.57316730000002;252.0663638;0.78218781500000001;81999;0.72851683;1100.8499999999999;Kecimen
56837;368.3727265;198.77465570000001;0.84192024200000004;59040;0.63496514400000004;973.59900000000005;Kecimen
53497;352.50275249999999;194.98113660000001;0.83309252600000006;54875;0.69117571099999997;921.76199999999994;Kecimen
58591;356.46332139999998;212.11923100000001;0.80367677699999995;60664;0.78441374100000005;970.93200000000002;Kecimen
60313;339.60345580000001;227.72592420000001;0.741851492;62130;0.72668016099999999;946.48699999999997;Kecimen
72483;334.41760920000002;282.6808891;0.53430292700000004;74945;0.70617979200000003;1052.1590000000001;Kecimen
52836;340.4047822;204.33553309999999;0.79979576500000005;55143;0.81738861399999996;928.274;Kecimen
68119;385.39170439999998;230.71520760000001;0.80100982300000001;70719;0.65930120000000003;1026.6859999999999;Kecimen
83490;421.88294330000002;254.31018309999999;0.79789385499999999;86319;0.70994897999999995;1168.2470000000001;Kecimen
74612;430.86518940000002;229.2867182;0.84664745500000005;79297;0.66534688799999997;1140.3989999999999;Kecimen
44081;328.58714739999999;173.3469657;0.84952244099999996;46287;0.63846644100000005;867.00300000000004;Kecimen
39724;271.66569220000002;189.484632;0.71659262300000004;41587;0.724282537;781.97;Kecimen
89051;418.55564020000003;274.92319959999998;0.75403182899999999;92636;0.73867529300000001;1196.03;Kecimen
57612;352.44136479999997;210.06420979999999;0.80296515000000002;58810;0.64771884099999999;934.68399999999997;Kecimen
65740;348.8811561;245.97617550000001;0.70916467500000002;69233;0.74081586700000002;1036.5170000000001;Kecimen
69997;362.74138979999998;247.09132260000001;0.73211817899999998;71994;0.72254221900000004;1010.809;Kecimen
75540;422.09848959999999;237.63867740000001;0.82646136999999997;78465;0.70508512499999998;1114.8800000000001;Kecimen
46397;310.72436879999998;192.9038367;0.78395330900000004;48183;0.655278582;850.78200000000004;Kecimen
61967;364.78401780000002;218.5661729;0.80062483699999998;63724;0.68730035499999997;981.05899999999997;Kecimen
87149;444.61083559999997;253.2065911;0.82199021000000005;91704;0.71622054800000001;1189.4829999999999;Kecimen
67798;418.40813409999998;207.82551100000001;0.86791929800000001;69356;0.691026582;1073.1379999999999;Kecimen
49604;310.6056284;204.6545873;0.75224030399999997;51007;0.76080921499999998;855.39200000000005;Kecimen
88407;412.75694090000002;275.28484989999998;0.74510982999999997;90865;0.71796225300000005;1141.296;Kecimen
46601;277.35328010000001;216.27205050000001;0.62606481599999997;48457;0.76165337300000002;820.10599999999999;Kecimen
53121;350.96835750000002;195.86744490000001;0.82978901999999999;56120;0.73266302500000002;930.61900000000003;Kecimen
80101;377.61657200000002;272.67134490000001;0.69180411799999997;82949;0.72548682200000003;1084.306;Kecimen
69781;364.74451879999998;248.79618970000001;0.73124879700000001;71504;0.69393782699999995;1024.2070000000001;Kecimen
58460;290.75355619999999;258.38435390000001;0.45854469799999997;60254;0.77475614900000001;908.35699999999997;Kecimen
61792;400.50282829999998;197.70351120000001;0.86966734300000004;64962;0.70116194600000004;1026.1089999999999;Kecimen
78084;395.20976159999998;254.37658339999999;0.76532036599999997;80285;0.703003457;1097.299;Kecimen
63402;372.48431010000002;224.00940589999999;0.79895345500000003;66639;0.67663443700000003;1008.276;Kecimen
48809;332.26489290000001;190.35136489999999;0.81963198999999998;51847;0.66134168000000004;928.01599999999996;Kecimen
49039;285.40208710000002;220.8199013;0.63353370899999994;50879;0.714770872;841.66600000000005;Kecimen
64669;364.58280350000001;228.80076729999999;0.77856116500000005;67524;0.655845605;995.69200000000001;Kecimen
103377;460.67043130000002;287.9931727;0.78049584500000002;105569;0.72696778500000003;1230.2329999999999;Kecimen
73972;359.2726917;263.3333902;0.68026910500000004;75353;0.754739312;1017.749;Kecimen
47602;296.49303609999998;206.22519840000001;0.71847943400000003;49089;0.72118778900000002;840.54499999999996;Kecimen
69151;341.64605760000001;258.3928669;0.65420482400000002;70703;0.75184561000000005;989.91700000000003;Kecimen
56518;319.1919279;230.70999639999999;0.69106359799999995;58879;0.71864708499999996;916.39599999999996;Kecimen
86314;390.4129792;282.21482029999999;0.69099211900000002;87873;0.73366313100000002;1106.0329999999999;Kecimen
56477;334.58813800000001;219.18561980000001;0.75555013699999996;58408;0.68566676400000004;941.42899999999997;Kecimen
32097;264.41638410000002;157.99041790000001;0.80186432200000002;33699;0.681117902;713.77499999999998;Kecimen
71284;356.25924629999997;256.48833969999998;0.69402740399999996;72618;0.74297506899999999;1011.054;Kecimen
87937;365.83699209999997;307.91169810000002;0.54000212999999997;89581;0.71100995300000003;1099.568;Kecimen
100835;419.75337089999999;306.95489809999998;0.68208338199999996;102881;0.75257862799999997;1202.3689999999999;Kecimen
66752;370.50362189999998;231.55119930000001;0.78065406000000004;69039;0.742390035;1006.028;Kecimen
65999;326.29872139999998;264.4148773;0.58595161299999998;67971;0.67686422499999999;998.79300000000001;Kecimen
70977;362.0635747;256.3830246;0.70609608000000001;73417;0.65022261299999995;1033.8699999999999;Kecimen
38569;272.93720819999999;181.85672059999999;0.74568817799999998;39909;0.71603081800000001;757.29499999999996;Kecimen
53964;368.07406099999997;189.81386860000001;0.85677237500000003;55662;0.60367818100000004;943.59900000000005;Kecimen
79100;413.4963654;246.40470669999999;0.80305465799999998;81839;0.65514842299999998;1113.607;Kecimen
83071;400.46568819999999;265.92879699999997;0.74768915199999997;84531;0.71845810600000004;1112.7840000000001;Kecimen
31237;262.34705709999997;155.02574279999999;0.806731223;32564;0.61391061700000005;718.84699999999998;Kecimen
26908;245.75578139999999;143.71087180000001;0.81119836899999997;28607;0.69348728100000001;678.81500000000005;Kecimen
66797;358.19891790000003;240.7826944;0.74036610800000002;68732;0.69766251700000004;1006.375;Kecimen
76222;388.80739929999999;250.6960737;0.76436638400000001;77958;0.73744195000000001;1065.68;Kecimen
46810;297.89137290000002;201.5349368;0.73640740500000001;48300;0.72130793900000001;836.10900000000004;Kecimen
65123;382.3576865;218.8887484;0.81992485699999995;66825;0.76433651800000002;1018.353;Kecimen
65091;392.49327069999998;216.8275716;0.83355504800000002;69597;0.66419387799999996;1079.752;Kecimen
68400;363.50653149999999;249.58149539999999;0.72704080500000001;72981;0.72574484299999997;1079.973;Kecimen
64056;393.61676729999999;209.63082299999999;0.84638221800000002;65958;0.76787341200000003;1014.268;Kecimen
49821;319.08206310000003;202.23649459999999;0.77349110600000004;51829;0.67797509700000003;907.423;Kecimen
80353;394.34018900000001;264.57908709999998;0.74151054000000005;83419;0.66802178199999995;1120.777;Kecimen
51539;330.74748679999999;200.95793929999999;0.79425297900000003;53060;0.72541098999999998;894.03899999999999;Kecimen
63827;393.251665;209.14618469999999;0.84684610500000002;66445;0.66740907999999999;1047.037;Kecimen
89345;435.5508797;262.06144749999999;0.79873863300000003;91337;0.71384627700000003;1176.6569999999999;Kecimen
31275;264.68718699999999;156.3955455;0.80676726099999996;33540;0.65839333099999997;727.56100000000004;Kecimen
75431;433.67122280000001;222.99941670000001;0.85766246599999996;78125;0.72318415400000002;1103.2360000000001;Kecimen
72718;397.90294499999999;235.5598942;0.80593546900000002;74803;0.74686742500000003;1073.9159999999999;Kecimen
82886;424.82270929999999;253.171548;0.80302424299999997;85879;0.64828125599999997;1163.528;Kecimen
67852;353.12425339999999;247.33523080000001;0.71373108200000002;69587;0.72951295599999999;983.38499999999999;Kecimen
49336;338.48146059999999;193.00520209999999;0.82149960799999999;52619;0.65655275199999996;909.68100000000004;Kecimen
39368;296.65594779999998;171.20816450000001;0.81665439299999998;41361;0.61996850400000003;798.54600000000005;Kecimen
51304;350.04258170000003;189.76543799999999;0.84030042900000002;52949;0.660997732;897.11099999999999;Kecimen
91764;433.76815950000002;270.28609469999998;0.78213271299999998;93480;0.69292456400000002;1165.0840000000001;Kecimen
79252;398.84456449999999;254.17292950000001;0.77063800900000001;80799;0.70500742800000005;1074.1079999999999;Kecimen
50530;328.9180154;198.28391959999999;0.79786443799999995;52600;0.68169553699999996;897.79600000000005;Kecimen
66063;354.09752479999997;238.51025319999999;0.739121421;67503;0.76267605599999999;971.93799999999999;Kecimen
73311;391.86750669999998;239.60176369999999;0.791294159;74825;0.68996640099999995;1046.52;Kecimen
82793;428.11690549999997;249.39087960000001;0.81280930500000004;84950;0.74245821099999998;1130.673;Kecimen
104921;452.86301279999998;297.02418669999997;0.75486441500000001;108211;0.726297937;1254.8610000000001;Kecimen
59654;350.89995449999998;219.4898675;0.78021972100000003;62384;0.713052833;979.72699999999998;Kecimen
76531;407.66863960000001;241.3995271;0.80583038699999998;78857;0.73122748699999995;1068.375;Kecimen
57438;344.98018250000001;215.4342255;0.78103847900000001;58924;0.69339417599999997;935.81600000000003;Kecimen
55129;336.021702;210.4280656;0.779635513;56855;0.75040154599999997;910.83699999999999;Kecimen
37302;284.33011210000001;170.53300239999999;0.800171576;39280;0.72117392300000005;761.13099999999997;Kecimen
58357;338.32096259999997;220.464395;0.75852604099999998;59383;0.73817294099999997;915.37900000000002;Kecimen
33615;254.47223;171.0010504;0.74056643700000002;35376;0.78804857500000003;719.93499999999995;Kecimen
47555;330.89928120000002;186.25290380000001;0.82654620999999995;50165;0.68070883599999998;873.83699999999999;Kecimen
71762;387.67410430000001;236.87360530000001;0.79162118299999995;73593;0.701677879;1038.741;Kecimen
84677;401.66814249999999;269.66844680000003;0.74112119899999995;86777;0.75102884299999995;1118.999;Kecimen
86421;367.17033650000002;300.7939859;0.57347663900000001;87929;0.74862266099999997;1080.0070000000001;Kecimen
90191;431.3669658;272.751395;0.77472730000000001;93719;0.62502425500000003;1179.374;Kecimen
34638;251.74224620000001;178.341115;0.70578365099999996;35824;0.74939962400000004;713.94;Kecimen
39275;274.06599349999999;185.41127349999999;0.73642376499999995;40747;0.71256213899999998;772.50099999999998;Kecimen
41458;281.82488239999998;192.6741159;0.72979495400000005;42792;0.68277338600000004;782.36199999999997;Kecimen
85954;405.91516669999999;272.08332539999998;0.74209381500000005;87690;0.71481795699999995;1104.7170000000001;Kecimen
56589;343.93475690000002;213.13333420000001;0.78484574600000001;58274;0.65985307800000004;931.45100000000002;Kecimen
39622;280.1124767;185.19220619999999;0.75026682200000006;40539;0.73300773299999999;766.53099999999995;Kecimen
48093;329.93574230000002;187.04172220000001;0.82378421800000001;49367;0.74510806399999996;858.38599999999997;Kecimen
67404;349.01126199999999;247.69026930000001;0.704512743;69607;0.745026085;997.27599999999995;Kecimen
57838;350.28545860000003;214.80245049999999;0.78991127699999997;59449;0.67403971699999998;939.149;Kecimen
58570;355.39953750000001;214.56746609999999;0.79718438300000005;60494;0.65755793100000004;962.70799999999997;Kecimen
60199;375.27968809999999;205.41405180000001;0.83689558799999997;61711;0.73628913900000004;971.18499999999995;Kecimen
74254;402.5264818;241.2834392;0.80043278200000001;76702;0.72647047300000001;1080.0340000000001;Kecimen
63718;407.56585639999997;200.26104720000001;0.87095728100000003;65950;0.72296729999999998;1023.064;Kecimen
28216;245.40129479999999;150.24558189999999;0.79066853199999998;30316;0.62229279699999995;683.00400000000002;Kecimen
79055;395.36866709999998;258.27595200000002;0.75713929300000005;82562;0.71950597999999999;1114.4880000000001;Kecimen
86141;414.1071647;266.9075277;0.76457283899999995;87883;0.718740092;1146.164;Kecimen
82873;449.40926400000001;239.61407800000001;0.84600456400000001;85648;0.70076949099999997;1148.3630000000001;Kecimen
98485;387.7628358;325.73716610000002;0.54252098000000004;100682;0.72986452800000001;1193.9079999999999;Kecimen
53633;313.47995600000002;218.6686172;0.71653401800000005;55147;0.72843211799999996;882.66899999999998;Kecimen
63191;335.24168730000002;243.9723903;0.68584170300000002;64898;0.70460399399999996;977.09500000000003;Kecimen
58545;325.18863590000001;231.95579889999999;0.700862765;60738;0.70050014400000005;966.75800000000004;Kecimen
68931;381.6717342;231.52819349999999;0.794994961;71336;0.67931054899999999;1067.692;Kecimen
67874;360.02346549999999;243.27197380000001;0.73716623100000001;69889;0.67831944200000005;1035.277;Kecimen
61200;323.1744104;246.2883243;0.647469874;64553;0.70744902200000004;997.26400000000001;Kecimen
87089;396.48685710000001;280.24544969999999;0.70739191000000001;88754;0.74223157799999995;1154.5619999999999;Kecimen
59589;383.57123339999998;201.38185519999999;0.85109103699999999;62974;0.68408182900000003;1043.1869999999999;Kecimen
50312;354.23555119999997;182.3120807;0.85739230399999999;52070;0.62335216599999999;961.43899999999996;Kecimen
41995;259.20887820000002;210.35079769999999;0.58433745500000001;43443;0.729700613;801.52599999999995;Kecimen
137583;649.54148499999997;273.26028150000002;0.90720111800000003;142650;0.73163766699999999;1590.354;Besni
117592;533.29285630000004;288.55831940000002;0.84096603299999995;123587;0.730067672;1432.0060000000001;Besni
95546;487.1782819;251.96024299999999;0.85587494399999997;99166;0.72278201399999997;1276.807;Besni
96582;446.70520349999998;278.32549799999998;0.78217163099999998;100113;0.70659760299999996;1216.979;Besni
61409;403.70129480000003;209.36588850000001;0.85500737100000002;67286;0.59739286899999999;1083.4770000000001;Besni
154242;585.92807419999997;337.59924530000001;0.81732378299999997;158371;0.72160000000000002;1530.3150000000001;Besni
134303;600.76627110000004;288.38492960000002;0.877252896;138133;0.74243621999999998;1497.5150000000001;Besni
112378;528.40032540000004;272.77872029999997;0.85644700200000001;115602;0.61470549600000002;1366.74;Besni
124579;439.96050339999999;371.02621370000003;0.53741629800000001;128307;0.69825015700000004;1373.537;Besni
83107;507.38089939999998;233.15384979999999;0.88816519999999999;93706;0.49100200900000002;1367.3309999999999;Besni
107178;508.74789559999999;270.4624159;0.84698068999999998;110611;0.63290855199999996;1325.9469999999999;Besni
64391;449.55590139999998;187.12237780000001;0.90925556900000004;68813;0.63426910999999997;1177.7139999999999;Besni
126781;659.4426082;249.54476579999999;0.92563493399999996;132802;0.73666198000000005;1552.54;Besni
45051;323.5892546;180.06973730000001;0.83086351199999997;46532;0.830632225;836.625;Besni
119026;612.74441149999996;250.9269903;0.91230414400000004;123463;0.61574514800000002;1486.769;Besni
67579;402.31020169999999;217.05873579999999;0.841965878;70809;0.70311296999999995;1051.5530000000001;Besni
97019;559.5992129;228.6417533;0.91272194600000001;101539;0.57345257199999999;1383.6469999999999;Besni
184784;740.10870990000001;320.58783;0.90131552400000003;192699;0.64535326400000004;1791.568;Besni
168276;656.0993813;328.48687899999999;0.865640348;174282;0.68153872299999996;1685.2829999999999;Besni
195383;755.01291409999999;335.79045189999999;0.89565576700000005;204472;0.72876911600000005;1893.414;Besni
65253;418.99788690000003;205.75618470000001;0.87112160500000002;69700;0.66625484999999995;1075.404;Besni
120255;471.81352939999999;326.54633639999997;0.72179310699999999;123486;0.72388697599999996;1322.8140000000001;Besni
108161;485.1026458;286.0331908;0.80767030100000003;111765;0.70790627699999997;1305.144;Besni
157877;613.87374460000001;328.31333660000001;0.84496459199999996;161901;0.64132280399999997;1604.1030000000001;Besni
83800;440.83374040000001;245.38188049999999;0.83075961600000003;86346;0.65716212600000001;1170.0909999999999;Besni
177264;619.95847240000001;366.76323989999997;0.806236591;180994;0.68321937600000004;1652.694;Besni
127245;530.30405519999999;309.12151569999997;0.81253404900000004;130649;0.67909635300000004;1423.9970000000001;Besni
108314;455.60587650000002;311.1711176;0.73043416800000005;112497;0.68694466499999995;1306.577;Besni
128947;572.80160179999996;289.02216859999999;0.86336704799999997;132108;0.604408842;1446.923;Besni
189637;636.75243680000005;403.71932750000002;0.77330950600000004;209580;0.61378546899999997;1870.28;Besni
137508;604.1144233;292.09606380000002;0.87533819800000001;141818;0.60152231;1529.79;Besni
75173;365.80324150000001;267.58278150000001;0.68184815600000004;78359;0.67995404999999998;1087.0340000000001;Besni
115859;488.48885580000001;305.090778;0.78097653700000003;120546;0.742643053;1351.422;Besni
92188;374.72016380000002;324.30256159999999;0.500990716;95920;0.74759958500000001;1190.8130000000001;Besni
153824;536.60699299999999;369.28645440000003;0.72553247799999998;159063;0.73908364100000001;1582.146;Besni
85492;437.01396929999999;250.89260870000001;0.81878055699999996;89018;0.72334376899999997;1182.575;Besni
106312;464.33236360000001;295.31679209999999;0.77168655600000002;111089;0.72968372500000001;1306.4549999999999;Besni
210923;984.04549120000001;367.27953209999998;0.92773711599999997;278217;0.50735207500000001;2697.7530000000002;Besni
89138;507.14339619999998;226.21661520000001;0.89500283199999997;93549;0.738386349;1262.578;Besni
83567;465.10146580000003;230.90423139999999;0.86805965200000001;86859;0.60922213300000005;1199.0170000000001;Besni
171256;531.37320539999996;412.3828168;0.63064674399999998;174277;0.70191488000000002;1559.2139999999999;Besni
77105;419.95369620000002;238.83946589999999;0.82252559400000003;80497;0.66899483800000004;1131.54;Besni
100443;457.56987229999999;283.61127970000001;0.78474345899999998;104186;0.67378850499999998;1269.066;Besni
72606;424.47202399999998;223.23263299999999;0.85054233499999998;76975;0.683852617;1117.107;Besni
83555;457.54647240000003;235.0998706;0.85789364199999996;86694;0.71122744299999996;1159.779;Besni
146268;588.00921419999997;321.60798130000001;0.83716933999999998;150416;0.69542148100000001;1535.287;Besni
113608;559.26678260000006;264.028685;0.88154611500000002;118098;0.62786276399999996;1394.088;Besni
75058;424.76370939999998;228.84582589999999;0.84245909900000004;78952;0.68546118700000003;1130.395;Besni
116406;612.66531799999996;251.8328267;0.91161519400000002;125638;0.52625963499999995;1480.951;Besni
100319;480.7789636;267.66889559999998;0.83068678600000001;104255;0.63961413600000006;1289.2090000000001;Besni
143386;469.2765081;397.31018979999999;0.53215952200000005;146328;0.75026031400000004;1422.0139999999999;Besni
164782;660.36417510000001;322.620924;0.87253589499999995;169000;0.75775774900000004;1654.9860000000001;Besni
71639;400.41395940000001;231.62014210000001;0.81571662499999997;76252;0.64246190800000003;1101.8789999999999;Besni
141220;575.68236460000003;316.62124269999998;0.83516929600000001;144300;0.65915190599999995;1507.9390000000001;Besni
88290;514.43615390000002;221.44483769999999;0.902609051;92317;0.55515732299999998;1277.3879999999999;Besni
102569;515.39524940000001;259.19422809999998;0.86434239199999996;106888;0.57324175099999997;1331.797;Besni
182160;997.29194059999998;271.87239540000002;0.96212443999999997;221527;0.37985611499999999;2303.69;Besni
208264;675.09834450000005;395.57929059999998;0.81034140700000001;212813;0.77174831399999999;1755.1669999999999;Besni
133101;641.5097389;265.31397040000002;0.91046893500000003;136793;0.58249635700000002;1544.712;Besni
169009;719.50587810000002;301.5651259;0.90792711299999995;174718;0.71692662699999998;1781.3779999999999;Besni
81901;450.82752970000001;237.20898940000001;0.850383428;85000;0.583107877;1192.0139999999999;Besni
80678;457.92523519999997;229.70356179999999;0.86508920700000003;85201;0.60735956199999996;1226.2439999999999;Besni
101661;440.9818348;295.5307052;0.74221191500000006;105429;0.71329039299999997;1268.05;Besni
82207;451.00604879999997;235.1597735;0.85330532100000001;84780;0.62943707699999996;1182.2739999999999;Besni
166275;602.30777490000003;356.23628669999999;0.80634002699999996;168292;0.71928208100000002;1580.961;Besni
188651;621.01268640000001;390.30761280000002;0.77780810199999995;192922;0.74715634600000003;1698.394;Besni
202118;684.60295799999994;379.71928170000001;0.83207961699999999;209242;0.71721881600000004;1827.9;Besni
97375;468.90403809999998;268.26702490000002;0.82017342599999998;100169;0.69471694100000003;1244.252;Besni
64303;442.74531359999997;187.02901940000001;0.90639542799999995;67199;0.68623537899999998;1081.68;Besni
86715;440.47432320000001;254.33603450000001;0.81645152300000001;89920;0.73537143800000004;1173.259;Besni
155702;655.39896620000002;304.6121493;0.88542954699999998;160709;0.69704620900000003;1626.9090000000001;Besni
84295;458.84400740000001;238.28902099999999;0.85457701100000005;88521;0.70845064499999999;1202.5830000000001;Besni
177206;699.61826380000002;328.11213550000002;0.88320486799999998;181412;0.73915292300000002;1754.3779999999999;Besni
110897;518.7876139;275.2605054;0.84763224199999998;115550;0.73043610000000003;1365.577;Besni
56903;360.815292;204.03770599999999;0.82475464499999995;59797;0.71842686700000002;980.39;Besni
113029;558.51615609999999;265.2842028;0.87999639799999996;116783;0.66209178999999996;1419.577;Besni
69579;398.5966833;224.5785157;0.82616862000000002;71648;0.71938585600000005;1071.644;Besni
163442;594.75922100000003;351.42568729999999;0.80676640600000005;167471;0.70468577499999996;1621.9590000000001;Besni
114289;580.60083010000005;261.76369820000002;0.89259989200000001;120657;0.64948740699999996;1455.893;Besni
74652;424.98067279999998;231.60426530000001;0.83845164699999997;79014;0.59261728999999996;1157.1089999999999;Besni
90559;473.57584589999999;246.91996750000001;0.85331559099999998;95477;0.67323103900000003;1328.7439999999999;Besni
104352;562.33590790000005;239.402593;0.90485080900000003;107968;0.66806658100000005;1390.73;Besni
82161;441.79555169999998;246.810056;0.82940202699999999;86909;0.63024301199999999;1222.1579999999999;Besni
131816;532.73142519999999;322.68300269999997;0.795682271;138992;0.72219239300000004;1488.84;Besni
163082;696.14904569999999;302.22244710000001;0.90084797500000002;167442;0.76377856899999996;1687.1780000000001;Besni
77012;425.21942719999998;239.4695614;0.82634308700000003;81325;0.65427976700000001;1131.53;Besni
81604;528.5858925;204.73951310000001;0.92193928400000003;87172;0.49146009499999999;1299.386;Besni
82853;430.1149972;251.17570029999999;0.81177282200000001;85292;0.74643687299999995;1139.8399999999999;Besni
145693;591.18014440000002;321.43119109999998;0.839272464;151644;0.64852750000000003;1595.364;Besni
96443;541.20007420000002;232.54803939999999;0.90297666300000001;101271;0.55341137299999998;1352.482;Besni
168620;730.76095969999994;295.50046229999998;0.91459388100000005;172003;0.79673029699999998;1725.0029999999999;Besni
193032;661.14877139999999;376.43219310000001;0.82208775700000003;197672;0.63112052699999999;1744.271;Besni
140897;588.07091849999995;308.0257871;0.851847299;146231;0.73399910400000001;1536.473;Besni
118988;483.34000479999997;315.2484647;0.75802181400000002;122375;0.78446729999999998;1356.3979999999999;Besni
103666;456.38270460000001;293.92243459999997;0.76500340499999997;107992;0.64726523499999999;1332.203;Besni
68231;394.64653390000001;228.161;0.81593748899999996;71591;0.66452725099999999;1099.2280000000001;Besni
88928;395.72499800000003;300.22700159999999;0.6514683;93821;0.67106355399999995;1239.54;Besni
117077;496.13075670000001;314.547414;0.77333219600000003;123305;0.70883156000000003;1419.16;Besni
123056;618.14181510000003;256.95011090000003;0.90951025200000002;128101;0.64128406900000001;1522.028;Besni
94455;496.89501280000002;245.24390679999999;0.86971585600000001;97496;0.71988750700000004;1256.3219999999999;Besni
89311;429.2790857;270.8593166;0.77581274;94720;0.68264923899999996;1234.547;Besni
68982;400.73688090000002;223.90765740000001;0.82934299300000003;73278;0.72876521299999997;1105.79;Besni
204864;596.63980179999999;440.49712749999998;0.67447620699999999;209457;0.75100903600000002;1726.2460000000001;Besni
83693;437.73485599999998;245.42426270000001;0.82804017500000004;87230;0.702859542;1177.8579999999999;Besni
75529;418.51847889999999;233.99019340000001;0.82910585000000003;79168;0.65866973600000001;1143.2940000000001;Besni
121034;518.72044300000005;305.73580950000002;0.80783855999999998;125665;0.70666472000000002;1418.3040000000001;Besni
105192;440.56290919999998;305.79177909999999;0.71988501999999999;107313;0.73690183499999995;1244.0540000000001;Besni
77402;469.45934740000001;215.0799509;0.88887802199999999;80680;0.62132851700000002;1162.0039999999999;Besni
87857;380.77648679999999;300.90864790000001;0.61278447800000002;90968;0.72849917099999995;1144.3440000000001;Besni
139399;522.4680098;348.28216159999999;0.74540708099999997;144034;0.69363089;1471.508;Besni
178334;626.06417380000005;366.23704950000001;0.81104538000000004;181715;0.78945178299999996;1630.704;Besni
144084;555.92102090000003;332.12388909999999;0.80192107400000001;149076;0.72942105599999996;1506.2550000000001;Besni
84975;511.87466380000001;215.4482203;0.907106886;88730;0.62961234099999996;1246.3610000000001;Besni
118043;493.76524449999999;308.0001269;0.78160119299999997;122903;0.67559694100000001;1394.1;Besni
102769;515.60807009999996;261.13665179999998;0.86226141899999997;109161;0.65023094000000004;1378.308;Besni
136960;559.29586749999999;313.3098688;0.82836666800000003;139458;0.72214196100000005;1458.5509999999999;Besni
113206;548.97104650000006;264.25847779999998;0.87651721199999999;116787;0.725860952;1388.4760000000001;Besni
155057;610.67797180000002;325.50768119999998;0.84609840300000005;159681;0.76105703899999999;1564.694;Besni
116715;571.04884040000002;278.83739780000002;0.87268146800000002;127342;0.60261772000000002;1488.3240000000001;Besni
91146;498.39179949999999;241.89677900000001;0.87431736800000004;97149;0.67289264299999996;1293.559;Besni
101223;496.53346060000001;276.86620290000002;0.83011093199999997;109593;0.71361194500000003;1345.4259999999999;Besni
79492;422.56732879999998;243.1162956;0.817920329;82708;0.63735347399999998;1122.8309999999999;Besni
93234;452.92650639999999;268.76305359999998;0.80491347599999996;97428;0.71590699700000004;1222.886;Besni
167279;690.07199409999998;311.99569220000001;0.89195687000000001;171794;0.57867389899999999;1680.1210000000001;Besni
193558;769.42514879999999;321.6858345;0.90840748000000004;197851;0.60591584799999998;1865.297;Besni
146175;592.90850460000001;319.02011119999997;0.84290679800000001;149156;0.63283330100000001;1529.068;Besni
108076;516.07322980000004;270.74340799999999;0.85133523300000002;112975;0.69881543599999996;1378.7739999999999;Besni
131811;573.54177379999999;295.42309549999999;0.85713875699999997;135814;0.71150732000000005;1457.0160000000001;Besni
129038;540.81482900000003;306.8177642;0.82349399700000003;134796;0.64875817000000002;1459.345;Besni
130868;613.17261450000001;273.18191469999999;0.89527097099999997;134139;0.53678424899999999;1513.3520000000001;Besni
206720;713.47254929999997;373.64254390000002;0.85190536900000002;210114;0.78057621899999996;1866.0909999999999;Besni
205497;632.72760670000002;414.18832550000002;0.75596880700000002;209486;0.76928865000000002;1736.8389999999999;Besni
146420;598.07268139999996;314.3906394;0.85068674300000002;149403;0.746736026;1531.9549999999999;Besni
126014;523.18637950000004;309.11682999999999;0.80679240799999996;130059;0.73622649900000003;1396.9059999999999;Besni
101103;484.16590109999999;269.14588700000002;0.83125185000000001;105500;0.67;1307.683;Besni
61444;371.69382569999999;213.17980610000001;0.81918032600000001;64321;0.73747254500000003;1006.984;Besni
160605;630.61734120000006;330.77113880000002;0.85139838899999998;167411;0.72318533900000004;1679.5619999999999;Besni
100649;433.36687010000003;300.45778009999998;0.72063903500000004;103883;0.72471918199999996;1257.029;Besni
112808;542.50477969999997;267.20187779999998;0.87029338199999995;116961;0.743155287;1390.4;Besni
105951;521.11275790000002;267.72705710000002;0.85793375800000005;111368;0.73355996499999998;1377.248;Besni
177916;581.70974990000002;394.52470779999999;0.73486285200000001;181352;0.737206739;1647.5050000000001;Besni
109254;483.16373700000003;289.82868430000002;0.80010795199999996;111624;0.740102967;1293.2249999999999;Besni
128574;601.80023459999995;276.24815539999997;0.88841751000000002;135975;0.67400216000000002;1508.934;Besni
124166;525.94535680000001;304.15646859999998;0.81582113300000003;126960;0.728998849;1388.684;Besni
133784;581.28694770000004;300.63568600000002;0.855870727;139806;0.67958955600000004;1502.6610000000001;Besni
80481;481.0639534;217.561151;0.89189123699999995;85153;0.71497357100000003;1219.105;Besni
63491;326.63288240000003;248.32244929999999;0.64963133100000003;64892;0.73435656599999999;950.29700000000003;Besni
109791;477.03350160000002;294.5338471;0.78662738899999995;112766;0.74478000700000002;1290.239;Besni
89236;389.68169180000001;295.33193560000001;0.65239405500000003;92014;0.69699289200000003;1144.0360000000001;Besni
152267;598.96763580000004;331.24901720000003;0.833159184;157353;0.59405040600000003;1570.502;Besni
89721;530.15657429999999;223.4999334;0.90679425999999996;95252;0.54743309699999998;1295.377;Besni
129493;497.78813639999998;339.52627769999998;0.73128703299999998;136555;0.64752975300000004;1447.684;Besni
74966;465.36081569999999;209.2796463;0.89317221099999999;78159;0.71241494699999997;1157.0889999999999;Besni
136180;551.45382810000001;316.46982400000002;0.81893749500000002;139701;0.72989023200000003;1461.03;Besni
102013;453.89345809999998;292.13018099999999;0.76535397000000005;106036;0.63782840900000004;1266.2550000000001;Besni
169078;644.93126889999996;336.57162849999997;0.853023753;173362;0.68298889900000004;1629.634;Besni
78304;390.97308349999997;262.77041589999999;0.74046641199999996;82394;0.62328565400000002;1137.7059999999999;Besni
54321;395.01184000000001;182.32398069999999;0.88710594300000001;58632;0.62506904200000002;1021.989;Besni
101439;524.81718639999997;251.1605543;0.87805065699999996;107520;0.73331164599999998;1393.213;Besni
118787;562.28095689999998;273.32990910000001;0.873898112;125083;0.64371335399999996;1459.5840000000001;Besni
85517;410.62209369999999;269.81717179999998;0.75380894799999998;88349;0.70294108;1127.8889999999999;Besni
72653;403.19095929999997;231.05573419999999;0.81950799799999996;74718;0.66389787499999997;1062.07;Besni
126515;595.3425575;277.90929290000003;0.88435990900000006;134574;0.71297746900000003;1461.1110000000001;Besni
117714;480.62967400000002;314.02653400000003;0.75704317899999996;120922;0.72430024400000004;1361.884;Besni
62451;337.2899875;237.70538590000001;0.70945494600000003;64499;0.69627507200000005;963.00900000000001;Besni
107895;462.0461305;300.55898669999999;0.75951000099999999;110755;0.76404772899999995;1277.7909999999999;Besni
199015;615.41723590000004;413.92747320000001;0.74000943299999999;201464;0.76856979599999997;1687.866;Besni
130388;511.8975835;326.31244850000002;0.77048633600000005;132727;0.71918367299999997;1393.9739999999999;Besni
106440;501.0443057;273.19406980000002;0.83827392499999998;108790;0.75075117400000002;1302.472;Besni
109878;541.94839979999995;260.083619;0.87732058999999996;112825;0.68919274900000005;1369.202;Besni
78984;427.49427609999998;236.8825745;0.83243766200000002;82328;0.69841719000000002;1169.4760000000001;Besni
135899;625.34822650000001;286.89989070000001;0.88854772000000004;144444;0.63258855800000002;1594.2090000000001;Besni
193818;678.55956519999995;367.90036179999998;0.84026337900000003;201241;0.79154619000000004;1766.873;Besni
137788;654.47026410000001;272.30130000000003;0.90933548399999997;141442;0.70643123699999999;1562.268;Besni
71800;431.00857480000002;218.71577730000001;0.86168055399999999;77521;0.64815483500000004;1187.7239999999999;Besni
96210;482.51201909999997;262.67441129999997;0.83883265299999998;102157;0.68658654900000005;1270.5640000000001;Besni
103057;548.40523710000002;241.12321900000001;0.89815413399999999;107983;0.71565373200000004;1391.2070000000001;Besni
104602;478.22265169999997;279.36100699999997;0.81163481800000004;106906;0.77991350999999998;1263.0119999999999;Besni
105467;465.57379750000001;290.20240460000002;0.78196524700000003;109052;0.73038088599999995;1302.3610000000001;Besni
83059;440.55997079999997;243.6365121;0.83317093499999995;88806;0.68580888600000001;1238.163;Besni
99378;466.39747199999999;275.57559570000001;0.80677412999999998;102653;0.68703809999999998;1260.3430000000001;Besni
90585;489.64778910000001;239.3502938;0.87238391000000004;95774;0.672344689;1270.2660000000001;Besni
83065;444.99964770000003;241.33116580000001;0.84017352999999995;87785;0.72054996500000001;1182.5609999999999;Besni
54357;362.59471810000002;192.94936670000001;0.84665947399999997;56006;0.69991759200000003;945.82799999999997;Besni
169645;731.56187609999995;299.41340539999999;0.91240898100000001;174278;0.75551567200000003;1753.0160000000001;Besni
70461;376.17084340000002;243.95482910000001;0.76119645199999997;72819;0.72827907000000003;1046.692;Besni
105347;476.80350040000002;282.02581570000001;0.806310313;108072;0.76903479200000002;1266.876;Besni
160583;630.64522910000005;326.24453030000001;0.85579286499999996;165385;0.75189867499999996;1646.559;Besni
101772;477.9089439;273.40436390000002;0.82019459299999997;104567;0.68433793300000001;1266.6569999999999;Besni
61123;329.3302205;257.26809329999998;0.62429859700000001;70556;0.72326351899999997;1128.077;Besni
90375;480.63247630000001;241.0167682;0.86518226899999995;93826;0.64355906900000004;1251.6790000000001;Besni
131847;560.42090759999996;302.64066580000002;0.84164970299999997;134950;0.74431378699999995;1446.145;Besni
81998;423.63263189999998;251.2394448;0.80515848300000004;83932;0.72948063299999999;1130.4269999999999;Besni
105924;497.70064609999997;274.57580660000002;0.83405012599999995;109179;0.716535433;1295.27;Besni
121757;486.52106759999998;323.35173029999999;0.74718136199999996;125067;0.75991262299999995;1357.8879999999999;Besni
116198;494.2591759;301.68289559999999;0.79211344800000005;118786;0.71936754000000003;1328.07;Besni
86846;459.39603849999997;242.61996450000001;0.84916470300000002;89047;0.72593075500000004;1173.308;Besni
77799;419.33857949999998;238.34325010000001;0.82276685100000002;80688;0.64800100000000005;1114.454;Besni
75242;391.67814550000003;248.08911660000001;0.773824179;77890;0.66817632900000001;1077.4190000000001;Besni
113164;486.7663599;297.11028750000003;0.79211216399999995;116531;0.73956148099999997;1313.0920000000001;Besni
194864;657.86784320000004;378.05846059999999;0.81838358300000003;197430;0.78642688800000005;1700.9369999999999;Besni
103313;503.45143880000001;266.44503559999998;0.84847415699999995;108615;0.66704329699999998;1343.0170000000001;Besni
98464;488.21500409999999;261.72425989999999;0.844164633;101977;0.67943224199999996;1259.069;Besni
97377;503.99206820000001;252.49962540000001;0.86544774400000002;101317;0.70842305900000002;1281.252;Besni
169880;648.90421900000001;339.13112990000002;0.85256497499999995;177170;0.71376651800000002;1660.6769999999999;Besni
69746;370.56048070000003;241.91445709999999;0.757501058;72724;0.71260281000000003;1027.5129999999999;Besni
172334;595.81774700000005;375.02053469999998;0.77706402699999999;174610;0.63611129600000005;1591.894;Besni
192815;731.44029239999998;337.10237219999999;0.88746518299999999;196576;0.73439904300000003;1803.6859999999999;Besni
92121;432.0619001;275.6906108;0.76996901100000004;95197;0.71544734399999999;1193.836;Besni
82462;434.57122049999998;244.4574533;0.82677984100000002;85611;0.64991094100000002;1174.203;Besni
53325;351.20370650000001;197.21364170000001;0.82745208100000001;56030;0.70614174500000004;934.49;Besni
151703;595.10709580000002;330.34275120000001;0.83178496300000004;156402;0.67130864999999995;1608.5989999999999;Besni
40702;274.16895369999997;191.378387;0.71606769000000003;41924;0.72161548799999997;771.79700000000003;Besni
81480;434.10025880000001;242.70175130000001;0.82910598199999996;84581;0.67401230899999998;1162.3699999999999;Besni
104669;546.67275589999997;248.52790769999999;0.89068592800000002;110984;0.68734567899999999;1398.5450000000001;Besni
85390;403.7297499;272.97032689999998;0.73679022900000002;88615;0.71049982099999998;1156.7180000000001;Besni
178692;594.72217139999998;384.0380462;0.76355430800000001;181288;0.74704638000000001;1622.0319999999999;Besni
104385;488.89755100000002;277.68374390000002;0.82304276099999996;108197;0.77216978300000005;1315.8430000000001;Besni
206689;746.14534100000003;355.30068549999999;0.87934696199999995;212569;0.74580888700000003;1876.028;Besni
98166;420.70217559999998;299.58360920000001;0.70207421800000003;100659;0.70742622399999999;1245.0340000000001;Besni
156769;662.96663190000004;307.8680665;0.88563634999999996;161782;0.74210880099999998;1646.5250000000001;Besni
182823;700.00846249999995;337.70666679999999;0.87593328000000004;190749;0.69889139499999997;1789.2539999999999;Besni
96139;498.3876606;250.11203710000001;0.86495910399999998;100204;0.67536107700000003;1298.1379999999999;Besni
99177;494.05519220000002;260.97364770000001;0.84910274699999999;104468;0.61417513000000001;1317.6869999999999;Besni
76114;435.3879154;224.7276306;0.85649521900000003;77824;0.68192732199999995;1100.9290000000001;Besni
111056;514.71454659999995;277.87909100000002;0.84174822299999996;114995;0.67078599400000005;1370.914;Besni
51350;342.65530339999998;204.0111119;0.80344208800000005;54576;0.64917825500000004;930.05100000000004;Besni
144973;614.81492639999999;304.33153140000002;0.86889469500000005;150534;0.733669028;1539.4290000000001;Besni
182788;621.20676289999994;379.42444649999999;0.79179565500000004;188848;0.73306089100000005;1679.075;Besni
128442;585.98199409999995;281.60140860000001;0.87696007200000003;133704;0.75068381100000003;1499.355;Besni
76364;381.80241510000002;258.58797249999998;0.73572335;78977;0.74734781800000005;1075.8;Besni
158808;658.95660020000003;308.52844900000002;0.88361852600000002;162376;0.72661054199999997;1624.3430000000001;Besni
106923;591.11583759999996;234.82334639999999;0.91770854300000004;111428;0.52227877499999997;1425.1089999999999;Besni
60640;369.27036950000002;218.52870770000001;0.80609576299999997;66145;0.71172038199999998;1036.527;Besni
88257;452.92459259999998;254.48219259999999;0.82722936700000005;92886;0.736088407;1209.6220000000001;Besni
102868;430.02609150000001;312.97259530000002;0.68579041500000004;106439;0.717930823;1251.8019999999999;Besni
61539;364.25594510000002;220.36201969999999;0.79625222600000001;65462;0.72339249999999999;1056.491;Besni
129292;614.54742580000004;270.08549049999999;0.89824904100000003;133475;0.68968975399999999;1531.7439999999999;Besni
57999;311.02247;243.4761211;0.62224210800000002;61519;0.65633487199999996;968.697;Besni
88315;456.74071359999999;248.1499566;0.83953476599999999;92046;0.64419303500000002;1205.8630000000001;Besni
88250;478.48183560000001;238.32188629999999;0.867131498;92397;0.60660008399999998;1217.127;Besni
141137;600.12613799999997;305.76683759999997;0.86046811999999995;145158;0.58558939799999998;1495.9829999999999;Besni
123980;531.86826010000004;332.5761746;0.78038604199999995;138078;0.66762159099999996;1539.944;Besni
49371;320.64340299999998;200.2455856;0.78101538000000004;52692;0.67512204499999995;921.05899999999997;Besni
172783;820.72402199999999;352.19367979999998;0.90324483300000002;219952;0.496936979;2289.8890000000001;Besni
86852;456.47868790000001;248.60686920000001;0.838683717;90550;0.60785397799999996;1207.5340000000001;Besni
91464;433.21979329999999;273.2554614;0.77598221000000001;93852;0.71770244800000005;1182.21;Besni
93441;396.79077999999998;300.81260780000002;0.65212215600000001;95370;0.723317129;1157.771;Besni
94211;450.00461689999997;269.2865688;0.80119118700000003;96340;0.71684775999999995;1194.6310000000001;Besni
124630;585.09380250000004;275.49361290000002;0.88221128000000004;128308;0.68183185899999998;1485.99;Besni
116361;554.49012029999994;277.06688659999998;0.86621084299999995;125132;0.74741304600000003;1434.3889999999999;Besni
152992;572.70539559999997;341.24570319999998;0.80309679099999998;155411;0.77752480099999999;1500.251;Besni
147843;651.00280729999997;299.74326020000001;0.887694392;155494;0.71932564600000004;1633.723;Besni
135036;582.68752259999997;301.56848789999998;0.85565446000000001;139124;0.63456766899999995;1509.374;Besni
128107;616.99440030000005;267.9807338;0.90075260800000001;133001;0.62148342599999995;1513.4690000000001;Besni
79975;439.31250829999999;240.49419019999999;0.83684947600000004;83384;0.69116160100000001;1162.6079999999999;Besni
60674;345.315246;225.21880279999999;0.75803647500000004;62614;0.735576165;987.61699999999996;Besni
96404;470.10169550000001;264.23620970000002;0.82708077599999996;99678;0.75454744699999998;1265.0319999999999;Besni
222915;731.55940620000001;389.94669979999998;0.84609325000000002;227170;0.77054297299999996;1876.307;Besni
108379;482.56557750000002;289.38572729999999;0.80023865500000002;111707;0.70271023799999999;1316.8710000000001;Besni
62562;407.93926269999997;198.710116;0.87334223600000005;64694;0.62825868600000001;1030.7570000000001;Besni
204226;648.20428849999996;402.28327080000003;0.78411792199999997;207198;0.773987918;1724.662;Besni
77985;473.34070489999999;214.09203120000001;0.89186582599999997;82967;0.67437737799999997;1214.981;Besni
104728;495.67168249999997;272.68673439999998;0.83507521100000004;109157;0.73021893699999996;1316.3979999999999;Besni
85449;471.12466389999997;238.32867870000001;0.86260867600000002;89794;0.58477046899999996;1246.2;Besni
97558;477.1107437;261.91631630000001;0.83584641599999998;100259;0.77704500200000004;1229.8130000000001;Besni
97049;548.22083280000004;231.66101860000001;0.90633085099999999;102899;0.61630151799999999;1399.672;Besni
58870;355.13601840000001;212.0294595;0.80221345600000005;60490;0.73495630499999998;940.36300000000006;Besni
83889;450.98899139999997;241.33038819999999;0.84478004699999998;88842;0.72982495800000002;1183.981;Besni
110527;514.58884860000001;275.58335510000001;0.84450931699999998;114538;0.689698853;1360.8209999999999;Besni
66793;362.23123559999999;236.40444859999999;0.75767325399999996;69506;0.68410918200000004;1024.1690000000001;Besni
91665;485.45214329999999;243.0800284;0.86560403200000002;95741;0.70003207499999998;1244.5630000000001;Besni
126149;478.8771011;345.91997220000002;0.69152088199999995;134778;0.62490835600000005;1549.1849999999999;Besni
101618;443.4929899;293.38416890000002;0.74991820200000003;104508;0.75024179199999996;1238.627;Besni
96442;450.40813559999998;276.9226152;0.78866281599999999;100712;0.70305813699999997;1239.3140000000001;Besni
79397;434.9940818;235.51949329999999;0.84074487399999998;83074;0.69611685400000001;1148.633;Besni
86658;439.2290769;258.30432760000002;0.80879864000000001;89048;0.69975775200000001;1184.5809999999999;Besni
113046;548.94083539999997;265.30509590000003;0.87545280000000003;116819;0.67718167399999996;1385.645;Besni
53373;330.67724120000003;215.7016476;0.75795859099999996;56639;0.65428133600000005;936.82299999999998;Besni
80274;404.30249520000001;256.06247639999998;0.77387055599999999;84523;0.66354213200000001;1153.6179999999999;Besni
89431;464.83393169999999;247.35204400000001;0.84666271100000001;92412;0.62479739499999998;1198.8530000000001;Besni
84383;403.90941479999998;271.25150910000002;0.74094545999999994;87629;0.67494520999999996;1140.605;Besni
98260;520.10307809999995;245.20975870000001;0.88188542999999997;103918;0.57645712900000001;1345.6869999999999;Besni
104656;489.4542174;273.45266429999998;0.82937726899999997;106961;0.74160997699999998;1273.1279999999999;Besni
100186;462.50592920000003;277.69911080000003;0.79968271599999996;101921;0.68224286300000003;1217.8309999999999;Besni
122617;503.68757620000002;322.6225172;0.76794057599999999;131499;0.64325359400000004;1429.3520000000001;Besni
117301;507.24044070000002;296.82988169999999;0.810899272;122361;0.61840218499999999;1407.4010000000001;Besni
48007;302.61104740000002;209.11608419999999;0.72281731999999999;50679;0.67705130700000005;889.74300000000005;Besni
165681;615.21087450000005;346.70224580000001;0.82608178099999996;170954;0.73582366600000004;1635.7909999999999;Besni
83929;429.09040870000001;252.0375627;0.80931391399999997;87269;0.70484148599999996;1176.2270000000001;Besni
109701;546.63528169999995;256.61473210000003;0.88296217099999996;113425;0.58062518500000004;1405.8679999999999;Besni
117098;637.77021439999999;237.47178539999999;0.92809361499999998;120417;0.65286574500000005;1484.3340000000001;Besni
107082;536.85156919999997;258.71715999999998;0.87621762700000005;112201;0.72952092899999998;1354.7149999999999;Besni
102944;477.16750889999997;277.22248739999998;0.81392126200000003;108053;0.71568409300000002;1339.098;Besni
53077;327.28782039999999;212.23108859999999;0.76125386100000003;55532;0.64641334800000005;934.70799999999997;Besni
78161;453.20339530000001;222.60502439999999;0.87105737400000005;81689;0.73349286800000002;1161.2909999999999;Besni
122433;585.29419840000003;270.70880970000002;0.88661015200000004;128445;0.57949317499999997;1526.711;Besni
142069;662.71376959999998;275.43969270000002;0.90953656299999996;148697;0.73227668700000004;1622.58;Besni
82585;436.18243059999998;264.87409980000001;0.79450675299999995;93928;0.58844695899999999;1320.46;Besni
96753;477.49972350000002;261.94340840000001;0.83610272799999996;99964;0.69410726599999995;1258.683;Besni
106393;472.30940579999998;287.59388990000002;0.79323936500000003;109501;0.67838833899999995;1281.3779999999999;Besni
182122;620.48721950000004;376.48860550000001;0.79488289700000003;187560;0.721829842;1695.23;Besni
49691;336.67805779999998;189.26166739999999;0.82703913500000004;52077;0.72495039699999997;919.41899999999998;Besni
79057;436.39004660000001;236.89539329999999;0.83982810699999999;82642;0.65459709200000005;1148.146;Besni
110785;560.00713559999997;259.3973494;0.88625187100000002;116070;0.55856668899999995;1456.7570000000001;Besni
171749;671.25456069999996;328.90988920000001;0.87172649099999999;175679;0.73815929700000005;1689.585;Besni
149841;547.45640519999995;354.58460580000002;0.76189998699999995;155682;0.71184725599999998;1544.3420000000001;Besni
97513;486.90216709999999;257.27001630000001;0.84900716499999995;100196;0.688908984;1272.8820000000001;Besni
97254;422.04407129999998;305.87512379999998;0.68901520999999999;100815;0.63334961400000001;1254.4680000000001;Besni
132116;519.67998379999995;325.33248780000002;0.779803256;133811;0.74507105799999995;1393.335;Besni
132730;535.980907;324.95891999999998;0.79524497599999999;139810;0.68855860800000002;1475.6579999999999;Besni
68576;377.13692800000001;235.12946909999999;0.78185592400000004;71551;0.71907473200000005;1087.1079999999999;Besni
109011;504.39549570000003;277.03395239999998;0.83566495799999996;111306;0.62093301400000001;1297.1469999999999;Besni
109438;502.72933810000001;280.34374059999999;0.83008056399999997;113476;0.63547310000000001;1323.557;Besni
76551;394.44261460000001;255.25444089999999;0.762382271;81613;0.63236545399999999;1130.405;Besni
121080;573.4036122;270.63250690000001;0.88161161799999999;124432;0.72379039499999998;1418.385;Besni
86202;437.77126140000001;253.90932129999999;0.81461323799999996;90825;0.70514613900000001;1199.809;Besni
134913;639.60157140000001;273.09207700000002;0.90426476099999997;139500;0.73672627999999996;1535.248;Besni
175247;713.0171239;316.39849779999997;0.89615260200000002;179961;0.59216270599999998;1739.277;Besni
195281;609.82972589999997;408.53561880000001;0.74243552800000001;197426;0.76965612400000005;1639.1030000000001;Besni
131496;506.11544909999998;334.33178450000003;0.750752113;134210;0.70552255900000005;1412.02;Besni
175946;604.53006760000005;372.84984320000001;0.78715141499999997;180289;0.77583758899999999;1622.809;Besni
66265;424.55943450000001;203.38129230000001;0.87779263500000004;70487;0.62801497399999995;1126.7650000000001;Besni
106938;498.433852;274.59027509999999;0.83456720100000004;110118;0.77318737900000001;1285.854;Besni
76624;473.9659934;207.73698880000001;0.89883111599999999;80356;0.66100759099999995;1205.819;Besni
88747;425.00728049999998;268.66846370000002;0.77484582099999999;92317;0.76131284799999999;1184.1559999999999;Besni
165940;624.84495879999997;340.69563110000001;0.83827461299999995;170781;0.77946357300000002;1641.14;Besni
181926;579.91855090000001;400.80166029999998;0.72272625499999998;185474;0.71680851099999998;1628.1569999999999;Besni
148073;599.36281389999999;327.08406760000003;0.83796781499999995;152985;0.690156141;1557.606;Besni
103915;516.48550090000003;260.10544549999997;0.86393316399999998;106499;0.69108502599999999;1285.0630000000001;Besni
71141;417.13699969999999;219.18525249999999;0.850823569;73629;0.72545480500000004;1085.2149999999999;Besni
169494;614.9937443;352.28079000000002;0.81968110299999997;172094;0.74012261599999996;1607.527;Besni
47253;360.01917609999998;172.50838920000001;0.87772514700000004;51538;0.71132018699999999;940.54200000000003;Besni
102960;522.38104840000005;252.36543;0.875561861;105956;0.74165850300000002;1311.1610000000001;Besni
81570;450.480907;233.60805569999999;0.85503225400000005;84540;0.733213483;1162.2560000000001;Besni
62526;357.20508669999998;228.86293000000001;0.76778750900000003;65994;0.70730769199999999;1006.598;Besni
141613;588.37156870000001;311.29616750000002;0.84857137999999999;149492;0.72179351300000005;1521.8109999999999;Besni
105961;497.70145989999997;275.97172640000002;0.83218872200000005;109992;0.69756158599999996;1347.989;Besni
125282;536.49896479999995;299.4368265;0.82975269299999999;129758;0.73594858799999996;1404.3030000000001;Besni
87252;433.48452020000002;261.06664380000001;0.79830651600000002;90160;0.73579464000000006;1166.5170000000001;Besni
108771;472.208192;294.4538963;0.78176915199999997;111241;0.77004927400000001;1267.646;Besni
138202;556.98190720000002;318.25280140000001;0.82068002600000001;143228;0.69721521500000005;1576.336;Besni
92024;453.71517599999999;260.48605459999999;0.81877256200000004;94643;0.75186077900000003;1204.623;Besni
76708;458.04464039999999;216.34093229999999;0.88143032099999996;78694;0.65839255699999999;1135.68;Besni
105053;490.4095974;277.08422400000001;0.82508699200000002;107939;0.67040414500000001;1297.279;Besni
72924;434.22266569999999;220.4917639;0.86148382199999995;77356;0.62160319100000005;1183.2360000000001;Besni
89169;408.18992170000001;281.39668380000001;0.72440289499999999;93087;0.71385455399999997;1187.085;Besni
93042;470.56580550000001;254.26081139999999;0.841453216;95156;0.63239672099999999;1216.104;Besni
71054;364.75113640000001;249.72336899999999;0.72888099399999995;72956;0.72784823099999996;1027.2059999999999;Besni
90675;426.23642480000001;275.28707259999999;0.76345980599999996;92030;0.74010741499999999;1163.021;Besni
137921;598.761032;297.20160179999999;0.86811623400000004;142159;0.74875678599999995;1510.8520000000001;Besni
164440;580.77584760000002;362.34557419999999;0.78150483999999998;167563;0.77042728599999999;1554.365;Besni
71502;490.43347890000001;189.4429399;0.92238302599999999;75157;0.50054603499999994;1182.8520000000001;Besni
144250;606.35181299999999;305.3303818;0.863964234;148528;0.800255194;1547.0809999999999;Besni
223075;694.24755029999994;411.81036899999998;0.80507346599999996;225916;0.76494047099999996;1812.569;Besni
56244;398.80245239999999;182.8440459;0.88870330600000003;58530;0.65636596999999997;1008.134;Besni
142239;614.83447750000005;297.7353473;0.87492809900000001;148078;0.64351638200000005;1553.114;Besni
78632;407.94032850000002;245.8211977;0.79805012799999997;79715;0.68901097899999997;1068.7270000000001;Besni
93430;467.63711919999997;258.94716799999998;0.832692769;98337;0.71298839999999997;1258.9659999999999;Besni
97583;522.78655560000004;241.94077300000001;0.88646756199999999;101231;0.72598296299999998;1298.731;Besni
123654;542.41974140000002;293.47323560000001;0.84099394400000005;126325;0.65953021000000001;1400.5239999999999;Besni
85894;477.1719928;231.03968119999999;0.874965463;89369;0.73039115600000004;1202.4929999999999;Besni
235047;772.95687699999996;388.20150699999999;0.86473454900000002;239093;0.71167273200000003;1942.05;Besni
152611;663.13325039999995;297.41795009999998;0.89378079799999999;158488;0.61471503999999999;1755.9680000000001;Besni
83932;499.23775430000001;224.47238870000001;0.89321478499999996;88572;0.67084418999999995;1258.0619999999999;Besni
117354;520.3266122;289.6619857;0.83071855999999999;121057;0.71206494799999998;1374.171;Besni
66315;363.57889560000001;234.45445219999999;0.76430775500000003;68906;0.68894406600000002;1015.021;Besni
87663;405.67805079999999;277.45493149999999;0.72954869499999997;89710;0.74368828300000001;1126.518;Besni
95364;481.56437319999998;253.84678120000001;0.84978497500000005;97623;0.73795152799999997;1225.3520000000001;Besni
78787;450.25559170000002;228.912522;0.86111765500000004;80567;0.67737636700000003;1142.6320000000001;Besni
160451;593.7498799;346.75705429999999;0.81174502500000001;163523;0.78523118800000002;1548.6089999999999;Besni
121077;521.19103099999995;302.10918450000003;0.81486446099999998;125856;0.73451225399999998;1403.0429999999999;Besni
62280;388.58205500000003;205.51439160000001;0.84869482900000004;63596;0.79144004499999998;977.90599999999995;Besni
106897;481.7946852;288.66002020000002;0.80064807999999998;109314;0.71598314799999996;1284.69;Besni
111568;491.1120737;293.9110068;0.80115257299999998;114128;0.73475892899999995;1303.2239999999999;Besni
61556;340.78362770000001;231.4351892;0.73402126000000001;63181;0.73480399200000002;956.30200000000002;Besni
47609;331.89411089999999;184.21312030000001;0.83182644699999997;49720;0.748192733;874.09100000000001;Besni
61861;345.9436498;235.4304678;0.73270562500000003;67390;0.70227958999999995;1063.6210000000001;Besni
84855;420.35062399999998;275.88101210000002;0.75448990500000002;90768;0.67380532699999995;1172.6420000000001;Besni
127292;639.85063479999997;258.38194470000002;0.91484021100000001;129101;0.53471452100000005;1496.0619999999999;Besni
125968;522.54377580000005;308.04759639999997;0.80775714700000001;129444;0.73957868500000001;1414.078;Besni
48488;275.33771680000001;226.802199;0.56699143699999999;50103;0.66959427699999996;859.32600000000002;Besni
84774;416.28144989999998;264.09899280000002;0.77298514600000001;90393;0.697670974;1209.5820000000001;Besni
78921;376.98781730000002;268.83261190000002;0.70105531600000004;82584;0.71992446899999996;1144.9590000000001;Besni
145235;609.63018060000002;306.60803570000002;0.86432072299999996;148876;0.682495301;1538.316;Besni
87039;497.05805620000001;236.21277319999999;0.87986609100000002;96247;0.63698103800000005;1271.3430000000001;Besni
181126;949.6626718;293.38669800000002;0.95108224399999997;225592;0.41415374799999999;2352.029;Besni
142419;580.43819670000005;318.18055800000002;0.83636495799999999;145899;0.75485768799999997;1512.6579999999999;Besni
92619;398.62072879999999;296.88293349999998;0.66731516199999996;95666;0.74299672699999997;1173.3900000000001;Besni
68510;348.4009519;252.99300439999999;0.68753129800000001;70513;0.67087739899999999;1028.8389999999999;Besni
48551;302.81283480000002;205.96338009999999;0.73305694200000004;50748;0.74282435700000005;862.00099999999998;Besni
92472;424.41999349999998;282.2115053;0.74690165500000005;95982;0.74616315700000002;1204.6099999999999;Besni
100928;465.17991970000003;287.01571389999998;0.78696365000000001;105549;0.68619292399999998;1310.51;Besni
96920;447.5951038;277.43590990000001;0.78473075699999995;100285;0.68725890599999995;1229.9100000000001;Besni
96762;457.47748790000003;277.38677969999998;0.79520571100000004;101717;0.78868349000000004;1248.75;Besni
151908;594.18280140000002;328.56805830000002;0.83319804200000003;155600;0.72120780500000004;1560.0160000000001;Besni
75368;387.85231570000002;250.5845218;0.76326773999999997;77706;0.73509675399999996;1078.4090000000001;Besni
168269;614.38043219999997;353.4662998;0.81792733100000004;173527;0.75624137700000005;1641.4559999999999;Besni
99333;422.87693999999999;302.2095731;0.69948084899999996;101942;0.72076536800000002;1191.348;Besni
102722;416.89893740000002;317.54280310000001;0.64795557400000003;107169;0.72441977700000004;1261.9880000000001;Besni
104468;542.17817249999996;250.0630792;0.88728613499999998;108119;0.64693278499999995;1360.4970000000001;Besni
73699;408.58555480000001;231.1420842;0.82460233500000002;76106;0.70318105500000005;1079.578;Besni
71918;448.52772709999999;207.75123629999999;0.88626170999999998;75002;0.69637375899999998;1091.499;Besni
127933;560.72267569999997;294.66255890000002;0.85079052399999999;130766;0.66777847400000001;1426.6;Besni
73294;445.24612009999998;217.62024120000001;0.87241608500000001;76157;0.65443408700000005;1147.5999999999999;Besni
189069;679.48930719999998;357.04725630000002;0.85081575600000003;195810;0.61214320899999997;1831.9090000000001;Besni
159064;570.21690460000002;368.2206845;0.76354428500000004;165584;0.78196405400000002;1563.83;Besni
120818;492.60653719999999;315.2013498;0.76848789500000003;123230;0.67203248400000004;1311.5219999999999;Besni
59890;402.4157189;194.66883580000001;0.87520590700000001;61673;0.71971062600000002;1034.144;Besni
137593;558.05875079999998;316.71283820000002;0.82335549100000005;142114;0.67776464199999997;1478.596;Besni
166654;607.99646519999999;349.65898870000001;0.81808286299999999;169060;0.75351768799999996;1574.164;Besni
55858;298.85885910000002;239.8993992;0.59635873399999995;58630;0.681452744;915.13;Besni
105308;473.31339320000001;284.17062199999998;0.79971053400000003;108094;0.78701413200000003;1259.934;Besni
67468;424.56365399999999;207.82305170000001;0.87200443000000005;70674;0.61169388099999999;1105.0419999999999;Besni
132680;549.86527769999998;308.392291;0.82791700300000004;136612;0.65065369399999995;1453.895;Besni
154197;582.61217869999996;343.26021279999998;0.808005855;160008;0.76221947599999995;1555.816;Besni
225043;740.00374320000003;390.30085759999997;0.84959791699999998;229195;0.74418735400000002;1853.893;Besni
66613;433.19416419999999;199.8147343;0.88726550500000001;70454;0.70895061699999995;1085.1569999999999;Besni
141559;594.11443120000001;306.31000189999997;0.85684500799999996;146674;0.76448954499999999;1530.598;Besni
77622;460.1429023;226.581322;0.870360472;82990;0.65121312799999997;1205.1410000000001;Besni
179668;690.43341629999998;332.55325809999999;0.87635888900000003;181954;0.77940308899999999;1681.9849999999999;Besni
105091;507.68511619999998;268.08734329999999;0.84920811600000001;108296;0.70027053699999997;1295.5909999999999;Besni
66938;356.3232835;248.67424500000001;0.71620554000000003;69880;0.70866108400000005;1022.705;Besni
97494;451.78276640000001;278.28000789999999;0.78777761099999999;101878;0.68969566599999999;1254.7550000000001;Besni
101770;468.66790040000001;279.81291010000001;0.802212378;103475;0.78517752699999999;1233.8240000000001;Besni
88338;504.48219669999997;227.1275085;0.89291812800000003;90790;0.72715748599999996;1230.4929999999999;Besni
119336;563.54632649999996;275.35576850000001;0.87250091299999999;125523;0.66815598700000001;1469.7639999999999;Besni
126019;520.68003350000004;316.18987540000001;0.794500651;130948;0.69451088500000002;1422.242;Besni
154498;621.35153979999995;318.59773080000002;0.85853822599999996;159694;0.75004854700000001;1585.7819999999999;Besni
82632;471.36671639999997;227.39318249999999;0.87594418100000004;87501;0.63307897400000002;1243.9870000000001;Besni
218459;571.28920310000001;492.27527850000001;0.50743183800000002;228259;0.731973651;1947.46;Besni
150420;607.70967350000001;316.80972439999999;0.85336276099999997;153905;0.64240871200000005;1557.2660000000001;Besni
110296;487.69115920000002;289.92482990000002;0.80410707699999995;113271;0.68709974799999995;1316.1120000000001;Besni
171264;609.64314739999998;359.22457179999998;0.80795991899999997;174156;0.77173756299999996;1592.095;Besni
110936;500.93134229999998;286.25238639999998;0.82064359799999997;113888;0.73239585399999996;1319.4349999999999;Besni
54502;346.45797800000003;204.0812123;0.80809629400000005;56464;0.63611111099999995;927.28300000000002;Besni
142415;532.08412969999995;342.42073260000001;0.76540724900000001;144862;0.77064393899999994;1449.8030000000001;Besni
94282;494.16296;244.80388859999999;0.86867010200000006;97707;0.70238618500000005;1269.68;Besni
68799;356.56780809999998;253.25469559999999;0.70394270800000003;71879;0.70092915200000006;1041.27;Besni
79058;454.4372156;236.96425249999999;0.85328457400000002;82555;0.57825597200000001;1175.0340000000001;Besni
85646;469.77475509999999;238.53938439999999;0.86149034400000002;92673;0.68104359999999997;1226.8920000000001;Besni
107486;462.8131338;296.09123779999999;0.76857131700000003;108914;0.75996747600000003;1235.078;Besni
149703;637.87302980000004;304.62253240000001;0.87859923399999995;154549;0.59380503600000001;1596.356;Besni
187391;660.65558810000005;362.3150066;0.83620474600000005;189799;0.71394663000000003;1682.4780000000001;Besni
115272;511.47203589999998;291.59134879999999;0.82157376199999999;119773;0.62476016999999995;1392.653;Besni
83248;430.07730770000001;247.8386945;0.81726258200000002;85839;0.66879292999999995;1129.0719999999999;Besni
87350;440.73569780000003;259.29314870000002;0.80862899499999996;90899;0.63647624599999997;1214.252;Besni
99657;431.70698090000002;298.8373229;0.72168406600000001;106264;0.74109851900000001;1292.828;Besni
93523;476.34409390000002;254.17605359999999;0.84573851;97653;0.65879825299999994;1258.548;Besni
85609;512.08177430000001;215.27197580000001;0.907345395;89197;0.63201996299999996;1272.8620000000001;Besni
