Date,revenue,quantity,orders,customers,skus,weekday,is_weekend,month
2009-12-01,54513.5,26204,119,91,1328,1,0,12
2009-12-02,63352.51,31896,115,94,1392,2,0,12
2009-12-03,74037.91,49243,124,106,1321,3,0,12
2009-12-04,40732.92,21325,89,76,1252,4,0,12
2009-12-05,9803.05,5119,30,26,285,5,1,12
2009-12-06,24613.64,11623,74,63,966,6,1,12
2009-12-07,45083.35,18058,101,77,1338,0,0,12
2009-12-08,49517.23,23159,109,91,1129,1,0,12
2009-12-09,40616.09,17934,88,74,1297,2,0,12
2009-12-10,44442.11,23718,92,82,1212,3,0,12
2009-12-11,39659.6,21394,70,58,840,4,0,12
2009-12-12,0.0,0,0,0,0,5,1,12
2009-12-13,22313.09,12611,71,63,978,6,1,12
2009-12-14,73327.66,45432,90,69,1584,0,0,12
2009-12-15,50340.24,27096,98,89,1025,1,0,12
2009-12-16,52792.25,25006,98,81,1420,2,0,12
2009-12-17,31239.47,15593,104,77,1037,3,0,12
2009-12-18,42588.09,17445,68,55,1119,4,0,12
2009-12-19,0.0,0,0,0,0,5,1,12
2009-12-20,11450.68,6263,34,31,464,6,1,12
2009-12-21,16367.84,8790,41,30,454,0,0,12
2009-12-22,28023.43,14481,45,16,1024,1,0,12
2009-12-23,10871.1,4591,22,12,369,2,0,12
2009-12-24,0.0,0,0,0,0,3,0,12
2009-12-25,0.0,0,0,0,0,4,0,12
2009-12-26,0.0,0,0,0,0,5,1,12
2009-12-27,0.0,0,0,0,0,6,1,12
2009-12-28,0.0,0,0,0,0,0,0,12
2009-12-29,0.0,0,0,0,0,1,0,12
2009-12-30,0.0,0,0,0,0,2,0,12
2009-12-31,0.0,0,0,0,0,3,0,12
2010-01-01,0.0,0,0,0,0,4,0,1
2010-01-02,0.0,0,0,0,0,5,1,1
2010-01-03,0.0,0,0,0,0,6,1,1
2010-01-04,13481.25,10654,29,22,479,0,0,1
2010-01-05,19199.29,11321,36,31,620,1,0,1
2010-01-06,8746.18,7472,14,13,249,2,0,1
2010-01-07,73085.74,40633,47,41,656,3,0,1
2010-01-08,30319.05,12703,45,42,500,4,0,1
2010-01-09,0.0,0,0,0,0,5,1,1
2010-01-10,23688.6,13429,34,29,487,6,1,1
2010-01-11,37887.26,13981,56,37,1067,0,0,1
2010-01-12,40856.53,21305,39,32,766,1,0,1
2010-01-13,22489.07,8852,30,25,902,2,0,1
2010-01-14,31672.73,13895,58,47,1038,3,0,1
2010-01-15,13515.89,8434,46,37,430,4,0,1
2010-01-16,0.0,0,0,0,0,5,1,1
2010-01-17,17578.24,10041,40,35,683,6,1,1
2010-01-18,21451.56,10375,40,32,1002,0,0,1
2010-01-19,33352.56,15334,47,41,1065,1,0,1
2010-01-20,19140.16,9567,37,31,761,2,0,1
2010-01-21,27391.96,72914,48,47,732,3,0,1
2010-01-22,36814.82,18590,45,39,862,4,0,1
2010-01-23,0.0,0,0,0,0,5,1,1
2010-01-24,16070.24,8903,50,48,705,6,1,1
2010-01-25,23045.6,10059,57,44,905,0,0,1
2010-01-26,47243.84,22994,93,68,814,1,0,1
2010-01-27,28703.6,17859,56,47,870,2,0,1
2010-01-28,19865.67,11253,56,48,717,3,0,1
2010-01-29,28403.98,10178,49,37,689,4,0,1
2010-01-30,0.0,0,0,0,0,5,1,1
2010-01-31,18704.68,10779,53,47,793,6,1,1
2010-02-01,19831.43,9269,66,49,833,0,0,2
2010-02-02,21696.7,11155,46,34,734,1,0,2
2010-02-03,21450.19,10301,49,41,856,2,0,2
2010-02-04,22676.5,12862,64,52,819,3,0,2
2010-02-05,21931.04,10402,40,35,612,4,0,2
2010-02-06,0.0,0,0,0,0,5,1,2
2010-02-07,17078.21,11210,30,29,543,6,1,2
2010-02-08,17438.52,8630,60,45,784,0,0,2
2010-02-09,19666.54,10929,54,51,667,1,0,2
2010-02-10,9583.09,3783,31,24,615,2,0,2
2010-02-11,15114.4,9046,56,48,511,3,0,2
2010-02-12,11393.61,7661,32,27,571,4,0,2
2010-02-13,0.0,0,0,0,0,5,1,2
2010-02-14,17914.45,10943,46,39,706,6,1,2
2010-02-15,42784.78,96591,45,35,567,0,0,2
2010-02-16,31203.68,16736,61,51,1051,1,0,2
2010-02-17,26616.23,25072,49,42,648,2,0,2
2010-02-18,35811.19,19884,63,58,773,3,0,2
2010-02-19,27254.86,12622,58,30,921,4,0,2
2010-02-20,0.0,0,0,0,0,5,1,2
2010-02-21,11477.91,5602,37,34,584,6,1,2
2010-02-22,26359.13,13431,48,41,666,0,0,2
2010-02-23,22707.44,11922,47,42,733,1,0,2
2010-02-24,33086.29,22462,63,47,782,2,0,2
2010-02-25,46642.82,26327,67,55,856,3,0,2
2010-02-26,16703.7,7430,36,26,684,4,0,2
2010-02-27,0.0,0,0,0,0,5,1,2
2010-02-28,16917.02,8511,53,50,736,6,1,2
2010-03-01,25831.21,21468,58,49,777,0,0,3
2010-03-02,26423.87,11912,55,48,929,1,0,3
2010-03-03,34114.91,20419,63,53,1014,2,0,3
2010-03-04,32369.19,18584,74,67,989,3,0,3
2010-03-05,27684.73,18307,81,55,771,4,0,3
2010-03-06,0.0,0,0,0,0,5,1,3
2010-03-07,20001.22,11008,58,46,1076,6,1,3
2010-03-08,37256.01,15622,76,66,1042,0,0,3
2010-03-09,22035.75,12362,57,51,736,1,0,3
2010-03-10,27547.43,18065,61,47,924,2,0,3
2010-03-11,24591.91,14208,48,39,839,3,0,3
2010-03-12,21712.54,11045,36,30,646,4,0,3
2010-03-13,0.0,0,0,0,0,5,1,3
2010-03-14,9032.7,4954,24,22,447,6,1,3
2010-03-15,27662.45,15224,57,41,958,0,0,3
2010-03-16,24059.94,12935,45,42,780,1,0,3
2010-03-17,30795.24,78885,48,40,768,2,0,3
2010-03-18,41145.01,23691,86,70,840,3,0,3
2010-03-19,45764.45,13418,62,47,746,4,0,3
2010-03-20,0.0,0,0,0,0,5,1,3
2010-03-21,20873.23,12471,56,51,795,6,1,3
2010-03-22,25614.49,12877,56,49,859,0,0,3
2010-03-23,56488.73,54482,71,58,745,1,0,3
2010-03-24,30179.26,14455,73,59,843,2,0,3
2010-03-25,38993.08,17262,85,67,939,3,0,3
2010-03-26,32546.05,20939,62,48,876,4,0,3
2010-03-27,0.0,0,0,0,0,5,1,3
2010-03-28,22562.62,14594,59,56,902,6,1,3
2010-03-29,59935.77,25221,85,41,1024,0,0,3
2010-03-30,38630.01,19298,70,54,987,1,0,3
2010-03-31,29718.33,13695,75,59,946,2,0,3
2010-04-01,30823.15,17317,79,72,903,3,0,4
2010-04-02,0.0,0,0,0,0,4,0,4
2010-04-03,0.0,0,0,0,0,5,1,4
2010-04-04,0.0,0,0,0,0,6,1,4
2010-04-05,0.0,0,0,0,0,0,0,4
2010-04-06,19476.52,13055,55,46,689,1,0,4
2010-04-07,34590.91,23550,61,46,822,2,0,4
2010-04-08,47626.52,26827,86,70,1015,3,0,4
2010-04-09,16988.42,9148,51,33,595,4,0,4
2010-04-10,0.0,0,0,0,0,5,1,4
2010-04-11,19967.32,11708,42,40,662,6,1,4
2010-04-12,27221.41,12892,46,37,587,0,0,4
2010-04-13,26027.6,14501,52,43,728,1,0,4
2010-04-14,27214.08,16408,45,39,616,2,0,4
2010-04-15,29613.48,10784,74,57,653,3,0,4
2010-04-16,19561.05,14902,42,37,582,4,0,4
2010-04-17,0.0,0,0,0,0,5,1,4
2010-04-18,24096.88,13032,54,43,751,6,1,4
2010-04-19,45287.87,19391,74,44,1247,0,0,4
2010-04-20,29204.7,13542,68,53,827,1,0,4
2010-04-21,29469.46,13315,66,51,727,2,0,4
2010-04-22,43505.03,21587,79,67,755,3,0,4
2010-04-23,16737.31,10286,57,43,660,4,0,4
2010-04-24,0.0,0,0,0,0,5,1,4
2010-04-25,16774.12,8463,46,44,729,6,1,4
2010-04-26,36270.85,19640,99,66,915,0,0,4
2010-04-27,46378.58,23586,79,63,832,1,0,4
2010-04-28,32562.56,19491,73,62,901,2,0,4
2010-04-29,32848.17,17076,84,71,1033,3,0,4
2010-04-30,29283.0,17697,50,36,726,4,0,4
2010-05-01,0.0,0,0,0,0,5,1,5
2010-05-02,12367.83,6307,40,39,530,6,1,5
2010-05-03,0.0,0,0,0,0,0,0,5
2010-05-04,22745.04,11246,52,43,806,1,0,5
2010-05-05,28118.53,15638,82,57,803,2,0,5
2010-05-06,54666.13,31189,84,68,945,3,0,5
2010-05-07,35769.25,23184,66,48,797,4,0,5
2010-05-08,0.0,0,0,0,0,5,1,5
2010-05-09,23143.29,11971,62,52,895,6,1,5
2010-05-10,32948.68,15742,77,65,906,0,0,5
2010-05-11,28780.12,18201,65,59,909,1,0,5
2010-05-12,31407.31,21691,65,51,739,2,0,5
2010-05-13,41108.4,26853,66,58,767,3,0,5
2010-05-14,18895.91,14359,49,36,553,4,0,5
2010-05-15,0.0,0,0,0,0,5,1,5
2010-05-16,18478.89,11066,44,38,829,6,1,5
2010-05-17,25562.62,13840,49,42,771,0,0,5
2010-05-18,29021.78,22594,64,51,818,1,0,5
2010-05-19,17831.08,9687,61,56,705,2,0,5
2010-05-20,25782.58,15642,67,57,844,3,0,5
2010-05-21,27340.92,10113,52,39,797,4,0,5
2010-05-22,0.0,0,0,0,0,5,1,5
2010-05-23,25457.97,14040,49,41,677,6,1,5
2010-05-24,35831.33,32794,71,61,748,0,0,5
2010-05-25,22463.37,15065,61,52,760,1,0,5
2010-05-26,38438.24,18942,96,64,897,2,0,5
2010-05-27,30978.43,18008,88,77,930,3,0,5
2010-05-28,21906.2,12763,58,43,715,4,0,5
2010-05-29,0.0,0,0,0,0,5,1,5
2010-05-30,10814.96,6271,32,30,560,6,1,5
2010-05-31,0.0,0,0,0,0,0,0,5
2010-06-01,15732.15,8350,47,33,757,1,0,6
2010-06-02,16236.29,11822,46,38,667,2,0,6
2010-06-03,29651.8,17634,67,52,913,3,0,6
2010-06-04,21273.58,8171,51,29,812,4,0,6
2010-06-05,0.0,0,0,0,0,5,1,6
2010-06-06,25686.0,14188,68,62,965,6,1,6
2010-06-07,49759.94,29651,103,81,1163,0,0,6
2010-06-08,54433.03,25916,81,61,1047,1,0,6
2010-06-09,38414.69,25492,68,59,765,2,0,6
2010-06-10,18389.4,9739,66,56,589,3,0,6
2010-06-11,37802.25,21486,86,65,925,4,0,6
2010-06-12,0.0,0,0,0,0,5,1,6
2010-06-13,21616.44,11180,70,61,834,6,1,6
2010-06-14,24375.41,16250,57,48,928,0,0,6
2010-06-15,30542.48,19514,52,41,863,1,0,6
2010-06-16,31335.03,19025,81,65,954,2,0,6
2010-06-17,58225.94,13347,78,61,850,3,0,6
2010-06-18,18800.68,9613,50,44,599,4,0,6
2010-06-19,0.0,0,0,0,0,5,1,6
2010-06-20,9113.43,4496,26,26,333,6,1,6
2010-06-21,21159.71,12145,44,40,1000,0,0,6
2010-06-22,14749.68,6982,43,36,667,1,0,6
2010-06-23,27848.74,16258,68,54,763,2,0,6
2010-06-24,26729.66,11357,73,42,737,3,0,6
2010-06-25,17719.42,8000,45,37,787,4,0,6
2010-06-26,0.0,0,0,0,0,5,1,6
2010-06-27,18834.32,10918,55,52,748,6,1,6
2010-06-28,53998.72,34790,70,64,920,0,0,6
2010-06-29,35141.21,21247,71,56,853,1,0,6
2010-06-30,34700.14,21065,79,67,922,2,0,6
2010-07-01,30314.81,16537,85,80,895,3,0,7
2010-07-02,16893.27,8753,47,36,635,4,0,7
2010-07-03,0.0,0,0,0,0,5,1,7
2010-07-04,10493.66,5345,21,20,463,6,1,7
2010-07-05,32895.2,16708,85,65,795,0,0,7
2010-07-06,23503.99,11965,58,47,681,1,0,7
2010-07-07,32252.99,14711,77,56,910,2,0,7
2010-07-08,20301.63,11775,70,58,773,3,0,7
2010-07-09,37271.94,14074,30,23,599,4,0,7
2010-07-10,0.0,0,0,0,0,5,1,7
2010-07-11,7856.43,5848,28,24,497,6,1,7
2010-07-12,19885.9,9798,50,38,734,0,0,7
2010-07-13,21056.39,10077,55,38,744,1,0,7
2010-07-14,23860.81,13420,62,47,819,2,0,7
2010-07-15,56662.69,27938,80,64,840,3,0,7
2010-07-16,22603.54,14317,68,56,726,4,0,7
2010-07-17,0.0,0,0,0,0,5,1,7
2010-07-18,15214.11,9690,40,37,589,6,1,7
2010-07-19,30567.61,18546,59,54,782,0,0,7
2010-07-20,24853.87,12136,57,48,663,1,0,7
2010-07-21,22396.05,13199,55,42,734,2,0,7
2010-07-22,26860.99,13977,78,57,806,3,0,7
2010-07-23,25904.96,13393,48,37,665,4,0,7
2010-07-24,0.0,0,0,0,0,5,1,7
2010-07-25,17431.3,11648,54,51,741,6,1,7
2010-07-26,25205.76,15081,62,47,822,0,0,7
2010-07-27,28490.87,14327,70,56,663,1,0,7
2010-07-28,23364.32,13391,65,60,724,2,0,7
2010-07-29,38422.54,13816,72,60,895,3,0,7
2010-07-30,16147.31,8450,53,39,508,4,0,7
2010-07-31,0.0,0,0,0,0,5,1,7
2010-08-01,30724.29,9740,32,27,583,6,1,8
2010-08-02,29175.51,12120,63,49,691,0,0,8
2010-08-03,26943.48,16344,59,47,857,1,0,8
2010-08-04,21425.14,11761,53,47,850,2,0,8
2010-08-05,24508.48,16883,54,48,744,3,0,8
2010-08-06,15219.6,9927,45,31,409,4,0,8
2010-08-07,0.0,0,0,0,0,5,1,8
2010-08-08,14147.14,8189,44,41,562,6,1,8
2010-08-09,31711.09,100236,51,41,621,0,0,8
2010-08-10,35820.32,20077,46,33,937,1,0,8
2010-08-11,23719.39,8226,46,35,642,2,0,8
2010-08-12,29123.13,18283,81,56,897,3,0,8
2010-08-13,37403.7,18230,55,34,765,4,0,8
2010-08-14,0.0,0,0,0,0,5,1,8
2010-08-15,22356.69,17413,58,52,615,6,1,8
2010-08-16,20880.2,11092,39,32,677,0,0,8
2010-08-17,30395.63,18408,45,40,613,1,0,8
2010-08-18,37239.15,22895,58,47,957,2,0,8
2010-08-19,33052.15,22579,77,55,801,3,0,8
2010-08-20,25550.79,19181,59,49,799,4,0,8
2010-08-21,0.0,0,0,0,0,5,1,8
2010-08-22,22766.81,13916,60,51,769,6,1,8
2010-08-23,21901.25,13257,45,37,713,0,0,8
2010-08-24,27485.09,19102,61,53,697,1,0,8
2010-08-25,31715.03,17610,76,62,857,2,0,8
2010-08-26,35363.46,17640,80,64,842,3,0,8
2010-08-27,18173.14,7327,36,29,675,4,0,8
2010-08-28,0.0,0,0,0,0,5,1,8
2010-08-29,14509.78,8790,39,36,483,6,1,8
2010-08-30,0.0,0,0,0,0,0,0,8
2010-08-31,35964.47,14194,63,48,936,1,0,8
2010-09-01,23367.55,12923,43,35,646,2,0,9
2010-09-02,36501.87,21990,91,77,848,3,0,9
2010-09-03,37258.14,31236,60,49,655,4,0,9
2010-09-04,0.0,0,0,0,0,5,1,9
2010-09-05,12389.65,7273,35,35,514,6,1,9
2010-09-06,28785.63,16216,53,41,861,0,0,9
2010-09-07,27498.31,15749,51,45,718,1,0,9
2010-09-08,17635.87,10246,49,45,691,2,0,9
2010-09-09,25798.99,13278,67,59,865,3,0,9
2010-09-10,17639.27,10448,46,38,629,4,0,9
2010-09-11,0.0,0,0,0,0,5,1,9
2010-09-12,15762.29,9409,48,46,729,6,1,9
2010-09-13,38443.68,28479,87,52,992,0,0,9
2010-09-14,21261.08,11416,63,56,764,1,0,9
2010-09-15,34838.27,21494,67,61,811,2,0,9
2010-09-16,40432.69,14465,68,51,897,3,0,9
2010-09-17,21501.73,11884,52,41,726,4,0,9
2010-09-18,0.0,0,0,0,0,5,1,9
2010-09-19,23096.14,13798,59,54,984,6,1,9
2010-09-20,43949.12,25108,82,59,967,0,0,9
2010-09-21,62951.83,37221,103,76,1020,1,0,9
2010-09-22,30623.8,14687,83,39,689,2,0,9
2010-09-23,36287.77,21447,86,72,935,3,0,9
2010-09-24,50511.18,28056,67,45,810,4,0,9
2010-09-25,0.0,0,0,0,0,5,1,9
2010-09-26,21905.72,13499,65,51,747,6,1,9
2010-09-27,118909.67,125534,95,69,1012,0,0,9
2010-09-28,46550.84,23713,127,91,1199,1,0,9
2010-09-29,38789.98,20811,99,83,967,2,0,9
2010-09-30,51641.94,24977,93,74,978,3,0,9
2010-10-01,38701.58,22237,71,55,919,4,0,10
2010-10-02,0.0,0,0,0,0,5,1,10
2010-10-03,38809.35,20451,77,64,966,6,1,10
2010-10-04,39399.48,23577,84,72,1002,0,0,10
2010-10-05,84879.59,34886,130,101,1166,1,0,10
2010-10-06,30927.6,21956,63,58,738,2,0,10
2010-10-07,54453.87,30136,121,92,1360,3,0,10
2010-10-08,60336.02,41490,78,58,995,4,0,10
2010-10-09,0.0,0,0,0,0,5,1,10
2010-10-10,23197.98,12436,68,59,897,6,1,10
2010-10-11,43509.87,24960,91,78,1130,0,0,10
2010-10-12,50013.95,29560,110,94,1134,1,0,10
2010-10-13,57949.72,40372,86,74,1035,2,0,10
2010-10-14,87526.41,37195,99,81,1014,3,0,10
2010-10-15,54917.81,22423,117,80,1081,4,0,10
2010-10-16,0.0,0,0,0,0,5,1,10
2010-10-17,33361.71,19100,71,62,1118,6,1,10
2010-10-18,41548.22,19788,104,90,1194,0,0,10
2010-10-19,50068.89,27262,78,65,1089,1,0,10
2010-10-20,45915.42,24165,108,89,1078,2,0,10
2010-10-21,39249.51,17958,96,76,1063,3,0,10
2010-10-22,41150.03,23181,88,68,1083,4,0,10
2010-10-23,0.0,0,0,0,0,5,1,10
2010-10-24,28877.25,15607,83,74,1044,6,1,10
2010-10-25,29496.94,14532,73,63,996,0,0,10
2010-10-26,46073.36,26032,104,85,1149,1,0,10
2010-10-27,32986.1,16241,72,66,962,2,0,10
2010-10-28,34490.35,14371,63,52,883,3,0,10
2010-10-29,47284.2,25615,83,62,972,4,0,10
2010-10-30,0.0,0,0,0,0,5,1,10
2010-10-31,30358.7,16564,83,79,1149,6,1,10
2010-11-01,29629.93,14159,62,47,1115,0,0,11
2010-11-02,45082.39,24255,91,79,1048,1,0,11
2010-11-03,45438.9,23686,87,75,1027,2,0,11
2010-11-04,90056.29,60563,132,104,1361,3,0,11
2010-11-05,46639.15,22471,75,57,1033,4,0,11
2010-11-06,0.0,0,0,0,0,5,1,11
2010-11-07,32024.41,18698,82,75,1106,6,1,11
2010-11-08,90952.91,32439,82,67,1216,0,0,11
2010-11-09,66381.06,35506,121,99,1109,1,0,11
2010-11-10,80244.63,35310,131,100,1478,2,0,11
2010-11-11,64240.98,34459,129,99,1274,3,0,11
2010-11-12,50851.12,23247,111,81,1275,4,0,11
2010-11-13,0.0,0,0,0,0,5,1,11
2010-11-14,29452.88,17601,90,76,1226,6,1,11
2010-11-15,105185.54,38084,103,83,1412,0,0,11
2010-11-16,73090.41,39456,108,95,1366,1,0,11
2010-11-17,51724.56,28689,119,97,1265,2,0,11
2010-11-18,45066.24,21440,104,91,1207,3,0,11
2010-11-19,48044.49,25437,108,90,1120,4,0,11
2010-11-20,0.0,0,0,0,0,5,1,11
2010-11-21,32448.6,18205,96,89,1286,6,1,11
2010-11-22,43278.66,19805,93,80,1338,0,0,11
2010-11-23,58561.66,27093,132,112,1422,1,0,11
2010-11-24,61907.52,28889,133,104,1337,2,0,11
2010-11-25,72511.2,38204,153,133,1238,3,0,11
2010-11-26,40570.95,17494,84,72,1161,4,0,11
2010-11-27,0.0,0,0,0,0,5,1,11
2010-11-28,27594.86,16568,91,83,1134,6,1,11
2010-11-29,79264.06,40099,107,89,1525,0,0,11
2010-11-30,60029.08,26592,123,101,953,1,0,11
2010-12-01,117921.58,53838,127,95,1340,2,0,12
2010-12-02,95496.76,62658,142,99,923,3,0,12
2010-12-03,93887.42,32398,68,50,1133,4,0,12
2010-12-04,0.0,0,0,0,0,5,1,12
2010-12-05,63549.9,32900,88,75,1142,6,1,12
2010-12-06,109660.92,43590,102,82,1471,0,0,12
2010-12-07,199236.4,50440,84,65,1277,1,0,12
2010-12-08,90779.96,46234,116,99,1200,2,0,12
2010-12-09,107172.36,39860,107,90,1258,3,0,12
2010-12-10,59182.92,21097,77,53,1264,4,0,12
2010-12-11,0.0,0,0,0,0,5,1,12
2010-12-12,17329.07,10603,44,42,800,6,1,12
2010-12-13,38006.71,17727,70,59,1169,0,0,12
2010-12-14,45254.73,20284,90,73,1010,1,0,12
2010-12-15,30444.62,18493,74,66,755,2,0,12
2010-12-16,49352.9,29943,121,98,922,3,0,12
2010-12-17,45418.33,16947,66,51,1368,4,0,12
2010-12-18,0.0,0,0,0,0,5,1,12
2010-12-19,7534.91,3799,23,17,390,6,1,12
2010-12-20,26789.13,14940,61,41,924,0,0,12
2010-12-21,47304.09,15613,55,23,821,1,0,12
2010-12-22,6199.97,3080,17,13,193,2,0,12
2010-12-23,12076.11,5754,27,15,785,3,0,12
2010-12-24,0.0,0,0,0,0,4,0,12
2010-12-25,0.0,0,0,0,0,5,1,12
2010-12-26,0.0,0,0,0,0,6,1,12
2010-12-27,0.0,0,0,0,0,0,0,12
2010-12-28,0.0,0,0,0,0,1,0,12
2010-12-29,0.0,0,0,0,0,2,0,12
2010-12-30,0.0,0,0,0,0,3,0,12
2010-12-31,0.0,0,0,0,0,4,0,12
2011-01-01,0.0,0,0,0,0,5,1,1
2011-01-02,0.0,0,0,0,0,6,1,1
2011-01-03,0.0,0,0,0,0,0,0,1
2011-01-04,16026.08,8639,36,34,819,1,0,1
2011-01-05,32634.47,19771,55,45,992,2,0,1
2011-01-06,40382.85,23128,50,45,998,3,0,1
2011-01-07,28836.59,17160,53,45,1031,4,0,1
2011-01-08,0.0,0,0,0,0,5,1,1
2011-01-09,15778.2,8202,48,48,640,6,1,1
2011-01-10,24569.07,12868,39,32,1096,0,0,1
2011-01-11,68655.59,28448,58,47,943,1,0,1
2011-01-12,24693.78,10622,45,42,1078,2,0,1
2011-01-13,20624.64,10174,44,41,949,3,0,1
2011-01-14,47576.9,23149,47,37,898,4,0,1
2011-01-15,0.0,0,0,0,0,5,1,1
2011-01-16,7242.06,4204,25,22,422,6,1,1
2011-01-17,29333.02,13397,51,45,1211,0,0,1
2011-01-18,95978.05,82978,41,31,892,1,0,1
2011-01-19,25934.57,17387,35,33,951,2,0,1
2011-01-20,21246.99,10489,39,30,950,3,0,1
2011-01-21,32640.3,15305,39,32,963,4,0,1
2011-01-22,0.0,0,0,0,0,5,1,1
2011-01-23,10400.25,5241,27,27,568,6,1,1
2011-01-24,25733.79,12029,53,43,846,0,0,1
2011-01-25,29077.47,15614,67,57,873,1,0,1
2011-01-26,19922.29,10968,56,49,761,2,0,1
2011-01-27,23730.84,11314,52,50,855,3,0,1
2011-01-28,20090.65,9852,40,36,584,4,0,1
2011-01-29,0.0,0,0,0,0,5,1,1
2011-01-30,6615.75,3431,24,22,483,6,1,1
2011-01-31,23640.36,13415,62,50,840,0,0,1
2011-02-01,29034.99,15834,63,57,830,1,0,2
2011-02-02,21216.2,9729,63,55,795,2,0,2
2011-02-03,23479.83,15719,46,44,598,3,0,2
2011-02-04,25162.19,12705,52,41,739,4,0,2
2011-02-05,0.0,0,0,0,0,5,1,2
2011-02-06,3457.11,2048,11,11,220,6,1,2
2011-02-07,25955.01,9143,42,35,803,0,0,2
2011-02-08,20949.92,10129,45,37,758,1,0,2
2011-02-09,16692.58,7165,29,22,602,2,0,2
2011-02-10,14896.46,11893,41,39,504,3,0,2
2011-02-11,22873.1,10524,45,34,621,4,0,2
2011-02-12,0.0,0,0,0,0,5,1,2
2011-02-13,5713.63,2756,20,20,425,6,1,2
2011-02-14,26703.51,13595,42,36,713,0,0,2
2011-02-15,39875.74,22694,58,47,809,1,0,2
2011-02-16,24949.1,16156,63,56,698,2,0,2
2011-02-17,26372.67,14428,68,50,875,3,0,2
2011-02-18,16208.75,9181,39,34,594,4,0,2
2011-02-19,0.0,0,0,0,0,5,1,2
2011-02-20,9624.69,5353,26,26,593,6,1,2
2011-02-21,36388.75,21589,38,31,811,0,0,2
2011-02-22,32498.35,21902,52,47,893,1,0,2
2011-02-23,26891.6,13767,63,49,860,2,0,2
2011-02-24,22809.84,11896,55,52,775,3,0,2
2011-02-25,20595.74,10573,49,42,592,4,0,2
2011-02-26,0.0,0,0,0,0,5,1,2
2011-02-27,9526.5,4870,33,31,566,6,1,2
2011-02-28,21755.63,9906,57,49,906,0,0,2
2011-03-01,26354.96,12145,62,52,844,1,0,3
2011-03-02,18690.79,8617,43,40,543,2,0,3
2011-03-03,36404.0,20127,49,46,793,3,0,3
2011-03-04,19506.8,13572,49,38,717,4,0,3
2011-03-05,0.0,0,0,0,0,5,1,3
2011-03-06,10005.37,5049,27,24,510,6,1,3
2011-03-07,32356.55,14030,68,49,1045,0,0,3
2011-03-08,25081.62,14567,48,41,883,1,0,3
2011-03-09,22038.84,11918,53,47,755,2,0,3
2011-03-10,26120.22,15584,57,46,656,3,0,3
2011-03-11,25475.18,10522,53,42,605,4,0,3
2011-03-12,0.0,0,0,0,0,5,1,3
2011-03-13,4148.12,2749,16,16,416,6,1,3
2011-03-14,26019.55,16765,50,41,679,0,0,3
2011-03-15,23493.49,8960,52,40,722,1,0,3
2011-03-16,21948.36,12947,52,46,582,2,0,3
2011-03-17,39904.94,21002,62,51,1064,3,0,3
2011-03-18,28171.79,13982,64,48,765,4,0,3
2011-03-19,0.0,0,0,0,0,5,1,3
2011-03-20,22153.49,14195,60,56,861,6,1,3
2011-03-21,16715.52,10311,53,47,627,0,0,3
2011-03-22,31515.58,16567,53,40,1140,1,0,3
2011-03-23,24091.67,14390,63,55,773,2,0,3
2011-03-24,36697.14,18240,68,63,781,3,0,3
2011-03-25,31394.21,14096,56,45,800,4,0,3
2011-03-26,0.0,0,0,0,0,5,1,3
2011-03-27,9241.35,4530,32,31,503,6,1,3
2011-03-28,23176.72,12263,61,52,891,0,0,3
2011-03-29,70711.92,32803,62,46,970,1,0,3
2011-03-30,31885.28,20709,75,63,877,2,0,3
2011-03-31,34335.9,16886,66,57,869,3,0,3
2011-04-01,25667.51,18494,75,59,742,4,0,4
2011-04-02,0.0,0,0,0,0,5,1,4
2011-04-03,6943.15,5679,20,18,523,6,1,4
2011-04-04,33254.24,14013,59,49,907,0,0,4
2011-04-05,30144.77,15995,52,45,705,1,0,4
2011-04-06,17362.36,9170,40,36,713,2,0,4
2011-04-07,18512.89,10545,64,57,832,3,0,4
2011-04-08,25295.64,13014,71,63,825,4,0,4
2011-04-09,0.0,0,0,0,0,5,1,4
2011-04-10,9913.98,5632,32,31,635,6,1,4
2011-04-11,22353.27,13640,64,54,756,0,0,4
2011-04-12,25570.3,15341,62,54,647,1,0,4
2011-04-13,24484.42,18769,60,54,662,2,0,4
2011-04-14,36104.07,18877,86,75,770,3,0,4
2011-04-15,28334.12,12729,56,40,718,4,0,4
2011-04-16,0.0,0,0,0,0,5,1,4
2011-04-17,12725.5,8183,42,39,620,6,1,4
2011-04-18,56026.18,29844,69,56,1275,0,0,4
2011-04-19,24338.7,14482,59,52,984,1,0,4
2011-04-20,28670.47,18376,63,58,588,2,0,4
2011-04-21,32615.63,18216,77,64,941,3,0,4
2011-04-22,0.0,0,0,0,0,4,0,4
2011-04-23,0.0,0,0,0,0,5,1,4
2011-04-24,0.0,0,0,0,0,6,1,4
2011-04-25,0.0,0,0,0,0,0,0,4
2011-04-26,31047.43,16155,71,55,923,1,0,4
2011-04-27,25942.44,18249,65,56,785,2,0,4
2011-04-28,22501.55,13412,59,49,713,3,0,4
2011-04-29,0.0,0,0,0,0,4,0,4
2011-04-30,0.0,0,0,0,0,5,1,4
2011-05-01,6973.66,3819,18,18,357,6,1,5
2011-05-02,0.0,0,0,0,0,0,0,5
2011-05-03,35229.41,12466,66,50,743,1,0,5
2011-05-04,27544.15,17385,65,55,695,2,0,5
2011-05-05,29174.29,17479,89,76,902,3,0,5
2011-05-06,36126.35,19947,82,64,1019,4,0,5
2011-05-07,0.0,0,0,0,0,5,1,5
2011-05-08,18867.4,10702,63,58,739,6,1,5
2011-05-09,27899.71,13357,71,59,859,0,0,5
2011-05-10,47819.98,19802,96,63,932,1,0,5
2011-05-11,33687.25,18913,80,56,829,2,0,5
2011-05-12,61903.09,37829,86,68,947,3,0,5
2011-05-13,30749.95,15246,73,52,779,4,0,5
2011-05-14,0.0,0,0,0,0,5,1,5
2011-05-15,9924.28,4898,31,29,575,6,1,5
2011-05-16,39651.28,16019,68,52,793,0,0,5
2011-05-17,55151.99,26810,82,56,873,1,0,5
2011-05-18,34483.44,19059,73,62,717,2,0,5
2011-05-19,35599.35,18144,99,82,878,3,0,5
2011-05-20,26718.17,15414,71,58,604,4,0,5
2011-05-21,0.0,0,0,0,0,5,1,5
2011-05-22,24231.09,12749,61,57,875,6,1,5
2011-05-23,34685.6,18223,68,55,825,0,0,5
2011-05-24,37660.04,15937,68,53,913,1,0,5
2011-05-25,24408.12,13169,65,52,703,2,0,5
2011-05-26,33497.03,16264,64,50,547,3,0,5
2011-05-27,28442.03,16220,64,49,643,4,0,5
2011-05-28,0.0,0,0,0,0,5,1,5
2011-05-29,7394.3,4124,24,20,443,6,1,5
2011-05-30,0.0,0,0,0,0,0,0,5
2011-05-31,22714.06,11763,54,48,739,1,0,5
2011-06-01,20595.69,10990,42,35,822,2,0,6
2011-06-02,32826.14,14597,52,33,858,3,0,6
2011-06-03,16913.25,7690,44,37,559,4,0,6
2011-06-04,0.0,0,0,0,0,5,1,6
2011-06-05,25639.54,13501,67,62,755,6,1,6
2011-06-06,17789.07,9462,57,54,736,0,0,6
2011-06-07,37957.72,18768,78,68,986,1,0,6
2011-06-08,43264.33,21284,99,71,1043,2,0,6
2011-06-09,46389.1,28306,85,76,990,3,0,6
2011-06-10,62234.44,10669,50,41,639,4,0,6
2011-06-11,0.0,0,0,0,0,5,1,6
2011-06-12,12517.06,9491,39,38,649,6,1,6
2011-06-13,22457.21,11302,59,49,822,0,0,6
2011-06-14,40474.01,14624,57,42,876,1,0,6
2011-06-15,49097.99,30465,59,42,906,2,0,6
2011-06-16,34584.68,20293,83,74,852,3,0,6
2011-06-17,21076.17,11757,52,35,574,4,0,6
2011-06-18,0.0,0,0,0,0,5,1,6
2011-06-19,22442.18,15081,60,57,721,6,1,6
2011-06-20,37514.98,16607,74,49,997,0,0,6
2011-06-21,24784.37,14195,55,45,843,1,0,6
2011-06-22,21825.99,15840,60,55,646,2,0,6
2011-06-23,25242.82,14728,72,64,960,3,0,6
2011-06-24,19521.96,9985,51,40,647,4,0,6
2011-06-25,0.0,0,0,0,0,5,1,6
2011-06-26,7082.49,3786,26,24,536,6,1,6
2011-06-27,17015.76,9910,45,31,712,0,0,6
2011-06-28,35607.32,21852,55,41,605,1,0,6
2011-06-29,22088.32,12071,42,36,978,2,0,6
2011-06-30,44797.31,21959,70,55,939,3,0,6
2011-07-01,13675.06,7662,49,35,585,4,0,7
2011-07-02,0.0,0,0,0,0,5,1,7
2011-07-03,6032.39,3117,25,24,421,6,1,7
2011-07-04,44652.83,15712,52,32,1100,0,0,7
2011-07-05,40758.43,22095,73,58,1144,1,0,7
2011-07-06,26387.54,19176,70,61,999,2,0,7
2011-07-07,32445.71,19157,76,67,1045,3,0,7
2011-07-08,27082.1,12720,65,42,906,4,0,7
2011-07-09,0.0,0,0,0,0,5,1,7
2011-07-10,5993.87,4255,24,20,601,6,1,7
2011-07-11,22605.02,15150,52,43,926,0,0,7
2011-07-12,26262.55,13958,53,41,976,1,0,7
2011-07-13,22641.94,16300,59,50,946,2,0,7
2011-07-14,33602.13,17581,71,61,952,3,0,7
2011-07-15,14836.43,7330,42,34,839,4,0,7
2011-07-16,0.0,0,0,0,0,5,1,7
2011-07-17,17194.56,11044,51,45,750,6,1,7
2011-07-18,38831.61,15109,65,45,1185,0,0,7
2011-07-19,50182.83,29177,67,57,851,1,0,7
2011-07-20,33308.24,17737,58,47,1050,2,0,7
2011-07-21,32818.54,19979,76,59,869,3,0,7
2011-07-22,20124.86,10278,43,34,875,4,0,7
2011-07-23,0.0,0,0,0,0,5,1,7
2011-07-24,27099.46,17670,58,53,649,6,1,7
2011-07-25,26887.15,16100,59,49,1020,0,0,7
2011-07-26,21644.26,13715,53,44,763,1,0,7
2011-07-27,25602.93,13974,48,39,747,2,0,7
2011-07-28,56269.74,30272,80,68,858,3,0,7
2011-07-29,18790.4,11613,64,57,682,4,0,7
2011-07-30,0.0,0,0,0,0,5,1,7
2011-07-31,33490.61,20878,42,37,789,6,1,7
2011-08-01,21388.92,11721,40,35,761,0,0,8
2011-08-02,26580.6,15721,44,39,848,1,0,8
2011-08-03,28113.14,16521,64,59,856,2,0,8
2011-08-04,65502.21,41148,82,76,895,3,0,8
2011-08-05,21538.58,12818,55,47,836,4,0,8
2011-08-06,0.0,0,0,0,0,5,1,8
2011-08-07,7578.91,5186,30,28,403,6,1,8
2011-08-08,23377.65,13348,40,38,823,0,0,8
2011-08-09,27679.44,16261,42,38,652,1,0,8
2011-08-10,28792.34,14423,49,42,827,2,0,8
2011-08-11,72433.79,39254,69,58,1045,3,0,8
2011-08-12,32231.35,11978,51,40,711,4,0,8
2011-08-13,0.0,0,0,0,0,5,1,8
2011-08-14,5718.57,3180,25,21,380,6,1,8
2011-08-15,17243.97,10181,48,46,614,0,0,8
2011-08-16,19239.66,11197,53,44,662,1,0,8
2011-08-17,53499.96,25703,54,45,939,2,0,8
2011-08-18,54106.93,34089,69,64,854,3,0,8
2011-08-19,17349.59,10672,56,54,556,4,0,8
2011-08-20,0.0,0,0,0,0,5,1,8
2011-08-21,14576.86,8169,39,36,656,6,1,8
2011-08-22,29651.46,15556,65,57,732,0,0,8
2011-08-23,25993.68,15181,64,56,816,1,0,8
2011-08-24,49035.36,29501,76,59,946,2,0,8
2011-08-25,23827.46,13340,74,68,751,3,0,8
2011-08-26,25626.44,17150,47,41,623,4,0,8
2011-08-27,0.0,0,0,0,0,5,1,8
2011-08-28,10805.03,6774,37,36,734,6,1,8
2011-08-29,0.0,0,0,0,0,0,0,8
2011-08-30,31866.31,10244,41,23,1304,1,0,8
2011-08-31,25380.17,12454,47,39,785,2,0,8
2011-09-01,37370.15,27857,76,69,774,3,0,9
2011-09-02,42322.02,18484,74,58,1120,4,0,9
2011-09-03,0.0,0,0,0,0,5,1,9
2011-09-04,17119.59,10963,50,45,821,6,1,9
2011-09-05,37157.14,22893,68,57,885,0,0,9
2011-09-06,28349.91,15090,64,54,706,1,0,9
2011-09-07,34413.53,16390,52,42,1086,2,0,9
2011-09-08,27195.8,17466,76,63,933,3,0,9
2011-09-09,30075.62,17405,62,52,911,4,0,9
2011-09-10,0.0,0,0,0,0,5,1,9
2011-09-11,35511.67,21146,75,68,1017,6,1,9
2011-09-12,29738.33,16939,68,62,901,0,0,9
2011-09-13,55117.05,36548,67,61,1095,1,0,9
2011-09-14,23592.98,14191,68,58,849,2,0,9
2011-09-15,78218.95,29309,83,70,1007,3,0,9
2011-09-16,27724.22,15052,50,44,800,4,0,9
2011-09-17,0.0,0,0,0,0,5,1,9
2011-09-18,15745.73,8994,27,25,829,6,1,9
2011-09-19,49269.88,29267,71,63,765,0,0,9
2011-09-20,109612.03,43726,70,53,895,1,0,9
2011-09-21,48560.68,22330,75,65,1329,2,0,9
2011-09-22,59354.79,33211,112,94,1193,3,0,9
2011-09-23,40601.75,21886,64,56,1271,4,0,9
2011-09-24,0.0,0,0,0,0,5,1,9
2011-09-25,31372.66,19504,75,74,979,6,1,9
2011-09-26,29335.17,15323,66,62,900,0,0,9
2011-09-27,36322.95,21259,80,67,1006,1,0,9
2011-09-28,43749.06,25559,85,72,1299,2,0,9
2011-09-29,46401.45,27473,105,93,1134,3,0,9
2011-09-30,44357.06,22555,74,60,970,4,0,9
2011-10-01,0.0,0,0,0,0,5,1,10
2011-10-02,11634.53,8385,35,32,862,6,1,10
2011-10-03,66376.82,25985,68,48,1088,0,0,10
2011-10-04,48810.65,25398,81,65,1190,1,0,10
2011-10-05,75593.63,46286,96,82,1104,2,0,10
2011-10-06,62891.19,35433,122,98,1253,3,0,10
2011-10-07,53790.7,30968,88,74,1068,4,0,10
2011-10-08,0.0,0,0,0,0,5,1,10
2011-10-09,12524.4,7556,39,35,798,6,1,10
2011-10-10,48239.18,26185,100,83,1323,0,0,10
2011-10-11,52572.94,28489,82,69,1227,1,0,10
2011-10-12,32159.28,17686,88,73,1061,2,0,10
2011-10-13,37446.18,18771,77,67,1164,3,0,10
2011-10-14,36347.64,18160,74,61,991,4,0,10
2011-10-15,0.0,0,0,0,0,5,1,10
2011-10-16,22010.96,8770,35,32,800,6,1,10
2011-10-17,52062.2,31404,89,76,1339,0,0,10
2011-10-18,45332.16,29320,84,73,1236,1,0,10
2011-10-19,42573.36,19259,85,71,1186,2,0,10
2011-10-20,61122.9,40919,89,76,1146,3,0,10
2011-10-21,63226.64,24792,64,56,802,4,0,10
2011-10-22,0.0,0,0,0,0,5,1,10
2011-10-23,12339.16,7073,42,39,969,6,1,10
2011-10-24,48752.91,26190,78,61,1326,0,0,10
2011-10-25,41314.64,26954,77,65,1131,1,0,10
2011-10-26,38059.43,20821,95,77,1049,2,0,10
2011-10-27,57291.72,32900,106,91,1135,3,0,10
2011-10-28,40565.7,24065,78,60,858,4,0,10
2011-10-29,0.0,0,0,0,0,5,1,10
2011-10-30,34571.23,20068,96,88,1213,6,1,10
2011-10-31,57369.15,21564,72,61,1599,0,0,10
2011-11-01,29155.15,16593,77,74,886,1,0,11
2011-11-02,45888.34,28567,85,79,1238,2,0,11
2011-11-03,63561.49,34387,103,86,1205,3,0,11
2011-11-04,62977.36,35336,94,73,1262,4,0,11
2011-11-05,0.0,0,0,0,0,5,1,11
2011-11-06,42946.34,23309,102,88,1312,6,1,11
2011-11-07,85881.81,31380,93,81,1048,0,0,11
2011-11-08,57700.24,26454,108,95,1477,1,0,11
2011-11-09,66127.57,38269,119,101,1245,2,0,11
2011-11-10,71008.26,38192,129,112,1305,3,0,11
2011-11-11,55257.17,29062,105,87,1533,4,0,11
2011-11-12,0.0,0,0,0,0,5,1,11
2011-11-13,34069.92,20840,87,75,1259,6,1,11
2011-11-14,114419.89,47353,107,93,1416,0,0,11
2011-11-15,60807.29,30383,108,93,1456,1,0,11
2011-11-16,65958.17,33101,130,111,1516,2,0,11
2011-11-17,61103.13,31751,137,125,1439,3,0,11
2011-11-18,51275.39,23996,108,98,1239,4,0,11
2011-11-19,0.0,0,0,0,0,5,1,11
2011-11-20,35058.57,19416,100,91,1285,6,1,11
2011-11-21,49805.72,25778,100,85,1259,0,0,11
2011-11-22,64089.82,35486,135,120,1504,1,0,11
2011-11-23,80104.18,39420,131,107,1408,2,0,11
2011-11-24,50978.63,26507,113,98,1510,3,0,11
2011-11-25,50822.73,18997,83,69,1378,4,0,11
2011-11-26,0.0,0,0,0,0,5,1,11
2011-11-27,20611.08,11172,57,51,1123,6,1,11
2011-11-28,57165.19,29466,115,97,1442,0,0,11
2011-11-29,72595.93,30904,135,109,1557,1,0,11
2011-11-30,60126.96,28388,108,92,1381,2,0,11
2011-12-01,52197.25,27051,121,111,1252,3,0,12
2011-12-02,57664.07,28797,120,95,1314,4,0,12
2011-12-03,0.0,0,0,0,0,5,1,12
2011-12-04,24621.43,12410,66,58,1038,6,1,12
2011-12-05,88741.96,44578,127,105,1767,0,0,12
2011-12-06,56713.21,30468,115,103,1421,1,0,12
2011-12-07,75439.16,41880,106,94,1113,2,0,12
2011-12-08,82495.0,35085,120,105,1665,3,0,12
2011-12-09,200938.6,93980,44,35,1082,4,0,12
